month,day,temp,RH,wind,rain,class
3,5,23.2,51.0,6.7,0.0,1
10,2,33.0,33.0,0.9,0.0,1
10,6,29.6,33.0,1.3,0.0,1
3,5,23.3,97.0,4.0,0.2,1
3,7,26.4,99.0,1.8,0.0,1
8,7,37.2,29.0,5.4,0.0,1
8,1,39.1,27.0,3.1,0.0,1
8,1,23.0,86.0,2.2,0.0,1
9,2,28.1,63.0,5.4,0.0,1
9,6,37.8,40.0,4.0,0.0,1
9,6,32.8,51.0,7.2,0.0,1
9,6,34.3,38.0,4.0,0.0,1
8,5,32.0,72.0,6.7,0.0,1
9,1,36.3,42.0,2.2,0.0,1
9,3,41.4,21.0,4.5,0.0,1
9,5,37.9,44.0,5.4,0.0,1
3,6,30.1,27.0,5.4,0.0,1
10,1,31.7,47.0,4.9,0.0,1
3,3,30.9,35.0,4.0,0.0,1
4,6,24.3,44.0,4.5,0.0,1
9,2,33.3,40.0,2.7,0.0,1
9,1,34.1,38.0,2.7,0.0,1
6,7,36.0,44.0,4.5,0.0,1
8,6,34.5,43.0,5.8,0.0,1
8,6,38.7,32.0,5.8,0.0,1
8,7,31.3,60.0,5.4,0.0,1
9,5,34.0,34.0,5.8,0.0,1
9,1,34.4,48.0,1.3,0.0,1
9,6,45.2,24.0,2.7,0.0,1
9,7,37.8,39.0,3.6,0.0,1
9,5,40.4,24.0,3.6,0.0,1
9,1,26.2,78.0,7.6,0.0,1
9,5,35.6,37.0,1.8,0.0,1
9,7,32.7,39.0,3.6,0.0,1
9,1,36.2,32.0,2.7,0.0,1
9,2,33.2,62.0,4.5,0.0,1
10,2,36.7,24.0,4.5,0.0,1
10,5,26.3,60.0,5.4,0.0,1
10,6,32.8,27.0,4.0,0.0,1
3,2,29.1,43.0,2.7,0.0,1
7,2,38.3,37.0,3.1,0.0,1
8,6,33.4,42.0,6.7,0.0,1
8,2,31.6,54.0,5.4,0.0,1
9,6,34.6,48.0,2.7,0.0,1
9,3,27.9,74.0,4.9,0.0,1
9,3,40.9,24.0,4.0,0.0,1
9,1,29.7,70.0,3.6,0.0,1
7,1,38.0,36.0,3.1,0.0,1
3,1,26.8,35.0,1.8,0.0,1
3,1,26.0,46.0,5.8,0.0,1
9,4,35.8,17.0,1.3,0.0,1
8,7,36.5,34.0,2.2,0.0,1
8,3,35.4,42.0,4.9,0.0,1
8,3,35.4,42.0,4.9,0.0,1
8,4,32.6,45.0,3.6,0.0,1
9,4,42.7,24.0,2.2,0.0,1
9,2,32.8,63.0,4.9,0.0,1
10,7,28.8,50.0,2.7,0.0,1
2,1,28.9,40.0,5.4,0.0,1
2,5,27.3,51.0,0.9,0.0,1
3,7,26.5,39.0,5.8,0.0,1
3,7,20.5,59.0,6.3,0.0,1
8,4,33.8,35.0,4.9,0.0,1
8,7,35.8,33.0,2.7,0.0,1
8,1,38.1,31.0,3.1,0.0,1
8,4,33.6,44.0,4.5,0.0,1
9,5,38.0,37.0,4.5,0.0,1
9,5,34.6,33.0,5.4,0.0,1
9,5,34.6,33.0,6.3,0.0,1
3,5,32.2,26.0,4.5,0.0,1
3,5,30.8,27.0,7.6,0.0,1
9,5,32.7,37.0,3.6,0.0,1
3,5,30.6,25.0,6.3,0.0,1
8,2,32.3,43.0,4.5,0.0,1
9,5,42.6,30.0,1.3,0.0,1
2,4,21.7,79.0,3.1,0.0,1
2,5,30.7,43.0,3.1,0.0,1
3,1,23.3,72.0,3.1,0.0,1
8,5,29.7,66.0,2.7,0.0,1
8,2,36.6,19.0,6.7,0.0,1
8,7,34.5,39.0,6.3,0.0,1
8,7,32.9,44.0,2.2,0.0,1
8,2,33.6,51.0,4.5,0.0,1
8,3,31.6,47.0,0.9,0.0,1
8,4,35.2,45.0,3.6,0.0,1
9,4,36.5,15.0,0.9,0.0,1
9,4,40.4,27.0,2.2,0.0,1
9,4,37.4,34.0,2.2,0.0,1
9,7,40.3,36.0,3.6,0.0,1
3,6,32.4,25.0,4.9,0.0,1
8,6,29.7,59.0,5.8,0.0,1
3,5,32.4,24.0,5.4,0.0,1
8,7,35.8,32.0,6.3,0.0,1
8,7,33.2,43.0,4.9,0.0,1
8,1,38.4,22.0,2.7,0.0,1
9,7,32.8,64.0,1.3,0.0,1
2,6,27.7,48.0,1.8,0.0,1
3,6,32.4,24.0,5.4,0.0,1
8,7,26.6,87.0,4.5,0.0,1
8,7,34.8,39.0,5.4,0.0,1
8,7,34.8,39.0,5.4,0.0,1
8,2,29.4,66.0,5.4,0.0,1
8,2,35.1,40.0,4.0,0.0,1
9,6,39.1,29.0,4.5,0.0,1
1,6,20.3,78.0,3.1,0.0,1
3,5,27.7,52.0,6.3,0.0,1
3,4,33.2,29.0,3.1,0.0,1
8,7,36.4,33.0,3.1,0.0,1
9,6,35.3,45.0,3.1,0.0,1
9,1,32.4,56.0,5.4,0.0,1
3,5,28.7,43.0,5.8,0.0,1
3,5,33.8,18.0,4.5,0.0,1
9,7,37.8,39.0,3.6,0.0,1
9,1,33.9,35.0,2.7,0.0,1
3,2,30.8,27.0,7.6,0.0,1
3,2,30.5,27.0,6.3,0.0,1
3,6,26.6,30.0,6.3,0.0,1
3,6,30.2,27.0,4.9,0.0,1
3,1,25.6,30.0,4.0,0.0,1
8,4,34.6,36.0,3.1,0.0,1
8,1,25.3,74.0,2.2,0.0,1
8,1,32.1,43.0,5.4,0.0,1
9,7,37.5,42.0,5.4,0.0,1
9,2,32.9,45.0,3.1,0.0,1
9,5,34.8,50.0,5.4,0.0,1
10,7,35.6,24.0,5.4,0.0,1
3,1,24.0,49.0,2.2,0.0,1
9,5,32.2,43.0,3.1,0.0,1
10,3,30.9,46.0,3.6,0.0,1
10,7,30.4,35.0,0.9,0.0,1
2,6,30.4,40.0,2.7,0.0,1
3,1,29.0,39.0,3.1,0.0,1
3,7,25.6,46.0,4.9,0.0,1
9,4,32.6,42.0,3.1,0.0,1
3,2,29.9,38.0,2.7,0.0,1
8,6,32.6,52.0,5.8,0.0,1
9,7,32.2,58.0,1.3,0.0,1
9,1,30.6,66.0,3.1,0.0,1
7,2,33.0,42.0,2.7,0.0,1
9,2,36.7,38.0,2.2,0.0,1
9,1,36.9,39.0,1.8,0.0,1
8,3,38.3,31.0,4.5,0.0,1
8,5,36.2,51.0,8.9,0.0,1
7,6,31.6,53.0,5.4,0.0,1
8,3,38.8,32.0,5.4,0.0,1
8,4,42.4,22.0,4.0,0.0,1
3,1,28.2,40.0,5.4,0.0,1
9,2,39.2,28.0,3.6,0.0,1
8,2,32.4,43.0,6.7,0.0,1
9,4,38.7,25.0,4.5,0.0,1
6,5,38.2,39.0,5.4,0.0,1
7,7,39.8,29.0,2.2,0.0,1
7,6,39.6,43.0,1.8,0.0,1
9,5,35.1,47.0,4.9,0.0,1
9,6,44.6,27.0,2.7,0.0,1
8,7,31.4,47.0,1.3,0.0,1
9,6,43.6,27.0,2.2,0.0,1
8,3,33.4,45.0,3.6,0.0,1
8,3,35.5,35.0,4.0,0.0,1
9,5,34.0,34.0,5.8,0.0,1
3,1,31.1,29.0,3.1,0.0,1
8,4,35.3,41.0,4.0,0.0,1
3,6,30.2,31.0,8.5,0.0,1
9,6,32.8,56.0,1.8,0.0,1
9,7,32.8,67.0,2.2,0.0,1
3,4,20.3,70.0,4.5,0.0,1
8,3,31.6,47.0,0.9,0.0,1
8,3,38.4,33.0,4.5,0.0,1
3,5,29.6,26.0,9.4,0.0,1
8,4,35.7,45.0,2.2,0.0,1
9,3,36.9,35.0,1.8,0.0,1
8,3,32.4,50.0,4.0,0.0,1
8,7,35.1,39.0,5.4,0.0,1
9,1,32.7,39.0,2.2,0.0,1
8,6,29.2,53.0,1.8,0.0,1
8,6,35.3,39.0,4.9,0.0,1
4,4,20.8,54.0,5.8,0.0,1
8,7,34.2,44.0,2.7,0.0,1
9,3,33.3,45.0,2.2,0.0,1
8,2,29.4,66.0,5.4,0.0,1
9,7,38.9,32.0,6.7,0.0,1
10,1,34.1,32.0,4.0,0.0,1
2,7,27.4,53.0,2.2,0.0,1
10,1,31.8,45.0,4.5,0.0,1
8,5,35.8,34.0,4.9,0.0,1
9,2,32.6,46.0,3.1,0.0,1
3,7,26.5,39.0,5.8,0.0,1
9,1,36.0,42.0,2.2,0.0,1
3,6,28.3,42.0,0.9,0.0,1
3,7,26.5,60.0,4.0,0.0,1
3,5,26.7,33.0,4.0,0.0,1
8,4,39.2,28.0,2.7,0.0,1
8,2,39.6,22.0,4.5,0.0,1
9,3,39.3,25.0,4.0,0.0,1
8,2,39.6,22.0,4.5,0.0,1
8,5,38.5,36.0,5.4,0.0,1
4,4,20.8,54.0,5.8,0.0,1
9,4,36.5,15.0,0.9,0.0,1
9,2,28.9,59.0,6.3,0.0,1
9,1,37.6,38.0,3.6,0.0,1
9,2,36.6,33.0,2.2,0.0,1
3,7,27.4,54.0,3.6,0.0,1
2,7,23.8,68.0,2.2,0.0,1
10,3,35.2,37.0,2.7,0.0,1
3,6,30.1,64.0,4.0,0.0,1
9,4,37.1,34.0,1.8,0.0,1
8,6,37.9,31.0,7.2,0.0,1
9,2,35.7,37.0,2.2,0.0,1
9,5,34.6,33.0,6.3,0.0,1
9,4,38.2,26.0,4.9,0.0,1
10,6,33.4,25.0,3.1,0.0,1
8,6,20.1,96.0,5.8,0.0,1
9,5,35.1,47.0,4.9,0.0,1
3,1,26.0,46.0,5.8,0.0,1
3,6,32.0,27.0,4.9,0.0,1
3,6,32.0,27.0,4.9,0.0,1
9,7,31.9,60.0,1.3,0.0,1
9,1,27.4,73.0,6.3,0.0,1
9,3,34.4,19.0,1.3,0.0,1
3,1,30.2,27.0,3.1,0.0,1
8,7,31.2,59.0,3.1,0.0,1
9,5,33.6,49.0,3.6,0.0,1
3,1,26.0,46.0,5.8,0.0,1
7,5,28.4,79.0,3.6,0.0,1
9,3,30.4,57.0,4.5,0.0,1
9,7,37.9,39.0,4.9,0.0,1
10,1,31.1,44.0,4.0,0.0,1
8,6,35.1,34.0,4.5,0.0,1
9,7,43.3,26.0,3.1,0.0,1
8,6,31.4,43.0,4.0,0.0,1
9,3,41.4,21.0,4.5,0.0,1
9,7,42.8,27.0,3.1,0.0,1
9,2,33.7,43.0,2.7,0.0,1
9,2,39.3,36.0,3.1,0.0,1
9,6,32.7,25.0,3.1,0.0,1
8,7,34.6,41.0,5.8,0.0,1
9,6,33.2,46.0,1.8,0.0,1
9,2,33.8,40.0,2.2,0.0,1
9,6,40.1,27.0,4.0,0.0,1
4,7,28.4,75.0,1.8,0.0,1
4,3,30.2,51.0,2.7,0.0,1
4,5,31.7,20.0,3.1,0.0,1
8,7,30.4,66.0,4.0,0.0,1
8,7,36.9,73.0,7.6,1.0,1
8,7,37.4,54.0,7.6,0.0,1
8,7,41.8,38.0,6.3,0.0,1
8,7,40.7,39.0,5.4,0.0,1
8,3,35.7,70.0,2.2,0.0,1
8,3,43.7,28.0,2.7,0.0,1
8,3,36.7,40.0,0.4,0.0,1
8,3,41.8,25.0,3.1,0.0,1
8,3,39.0,36.0,3.1,0.0,1
8,3,37.1,37.0,3.6,0.0,1
8,4,36.4,38.0,2.7,0.0,1
8,4,33.9,41.0,3.1,0.0,1
8,4,37.3,46.0,4.0,0.0,1
8,6,38.9,41.0,2.2,0.0,1
8,6,36.4,44.0,2.7,0.0,1
8,6,35.6,59.0,0.9,0.0,1
8,6,38.7,40.0,1.8,0.0,1
8,1,43.3,32.0,4.0,0.0,1
8,5,26.2,84.0,7.6,0.0,1
8,5,36.4,42.0,3.1,0.0,1
8,5,34.3,39.0,3.6,0.0,1
8,5,36.8,53.0,3.1,0.0,1
8,2,37.1,54.0,7.6,0.0,1
8,2,34.4,55.0,4.0,0.0,1
8,2,38.7,24.0,3.1,0.0,1
8,2,36.0,32.0,3.1,0.0,1
8,2,34.1,53.0,2.7,0.0,1
8,2,36.8,56.0,3.1,0.0,1
8,2,35.1,58.0,4.5,0.0,1
8,2,35.2,47.0,4.0,0.0,1
12,7,19.8,57.0,8.5,0.0,1
12,3,20.1,61.0,8.0,0.0,1
12,4,20.1,61.0,4.9,0.0,1
12,1,19.6,21.0,8.5,0.0,1
12,1,19.6,21.0,8.5,0.0,1
12,1,19.6,21.0,8.5,0.0,1
12,1,19.6,21.0,8.5,0.0,1
12,5,17.2,59.0,4.9,0.0,1
12,2,20.1,24.0,8.5,0.0,1
2,7,19.2,51.0,4.0,0.0,1
2,3,23.8,35.0,3.1,0.0,1
2,5,22.5,46.0,8.0,0.0,1
7,7,38.4,40.0,6.3,0.0,1
7,3,27.6,90.0,7.6,0.2,1
7,6,37.1,49.0,2.7,0.0,1
7,6,39.2,32.0,1.8,0.0,1
7,6,39.3,30.0,1.8,0.0,1
7,6,33.7,53.0,1.8,0.0,1
7,6,40.3,39.0,0.9,0.0,1
7,5,37.9,40.0,1.3,0.0,1
7,2,41.9,28.0,5.4,0.0,1
7,2,32.1,67.0,3.6,0.0,1
6,7,37.2,48.0,1.3,0.0,1
6,7,29.3,46.0,1.8,0.0,1
6,7,30.4,45.0,2.2,0.0,1
6,3,34.6,43.0,4.9,0.0,1
6,6,25.6,90.0,2.7,0.0,1
6,1,35.7,25.0,4.9,0.0,1
6,1,34.1,39.0,5.4,0.0,1
6,5,34.2,38.0,4.5,0.0,1
6,5,34.2,38.0,4.5,0.0,1
5,6,26.3,94.0,4.9,0.0,1
9,7,34.0,52.0,2.2,0.0,1
9,7,32.1,53.0,5.4,0.0,1
9,7,38.8,35.0,3.6,0.0,1
9,7,31.0,45.0,1.8,0.0,1
9,7,39.9,27.0,2.2,0.0,1
9,7,40.3,27.0,2.7,0.0,1
9,7,39.8,28.0,1.8,0.0,1
9,7,27.2,78.0,6.3,0.0,1
9,3,39.3,27.0,4.9,0.0,1
9,3,34.7,41.0,1.8,0.0,1
9,3,33.5,30.0,2.7,0.0,1
9,4,33.6,24.0,5.8,0.0,1
9,4,34.2,24.0,4.9,0.0,1
9,4,36.6,27.0,2.2,0.0,1
9,4,36.6,28.0,6.3,0.0,1
9,4,33.9,34.0,7.2,0.0,1
9,4,31.8,28.0,4.0,0.0,1
9,4,31.8,28.0,4.0,0.0,1
9,4,27.9,39.0,2.7,0.0,1
9,4,28.7,56.0,1.8,0.0,1
9,6,39.2,27.0,3.1,0.0,1
9,6,39.1,27.0,3.1,0.0,1
9,6,36.2,32.0,2.2,0.0,1
9,6,34.7,35.0,1.8,0.0,1
9,6,38.5,27.0,4.0,0.0,1
9,6,39.2,27.0,3.1,0.0,1
9,6,36.5,28.0,4.5,0.0,1
9,6,32.1,41.0,2.2,0.0,1
9,1,33.1,54.0,3.1,0.0,1
9,1,33.0,51.0,5.4,0.0,1
9,1,24.8,86.0,1.8,0.0,1
9,1,34.3,44.0,2.2,0.0,1
9,1,38.0,34.0,2.2,0.0,1
9,1,37.7,35.0,2.2,0.0,1
9,1,35.4,41.0,1.8,0.0,1
9,1,34.3,44.0,2.2,0.0,1
9,1,30.7,51.0,2.2,0.0,1
9,1,35.6,37.0,1.8,0.0,1
9,1,30.9,51.0,4.5,0.0,1
9,1,27.2,66.0,4.9,0.0,1
9,1,31.8,43.0,3.1,0.0,1
9,1,36.3,35.0,2.2,0.0,1
9,5,25.1,75.0,3.6,0.0,1
9,5,32.4,57.0,4.5,0.0,1
9,5,27.8,64.0,3.6,0.0,1
9,5,25.1,75.0,3.6,0.0,1
9,5,30.4,53.0,6.3,0.0,1
9,5,35.6,43.0,3.6,0.0,1
9,5,34.8,47.0,2.7,0.0,1
9,5,33.7,50.0,2.2,0.0,1
9,5,35.8,35.0,4.9,0.0,1
9,5,35.8,35.0,4.9,0.0,1
9,5,30.9,55.0,3.6,0.0,1
9,5,34.7,39.0,2.7,0.0,1
9,5,36.1,39.0,2.2,0.0,1
9,5,33.4,42.0,2.2,0.0,1
9,5,32.3,45.0,4.0,0.0,1
9,5,30.2,64.0,3.1,0.0,1
9,2,30.9,53.0,2.2,0.0,1
9,2,36.1,35.0,2.7,0.0,1
9,2,34.6,45.0,3.1,0.0,1
9,2,30.9,38.0,5.4,0.0,1
9,2,31.4,27.0,3.6,0.0,1
9,6,31.8,47.0,4.9,0.0,1
9,7,28.8,77.0,7.6,0.0,1
9,7,28.8,77.0,7.6,0.0,1
7,3,29.2,58.0,4.0,0.0,1
8,7,25.4,75.0,0.9,0.0,1
8,4,35.3,42.0,2.7,0.0,1
9,5,25.3,78.0,4.0,0.0,1
9,6,30.4,57.0,4.9,0.0,1
8,1,36.1,54.0,2.2,0.0,1
8,6,36.9,42.0,2.2,0.0,1
3,4,23.7,51.0,5.8,0.0,1
1,7,20.2,100.0,0.9,0.0,1
7,3,34.3,39.0,7.2,0.0,1
8,4,31.2,63.0,2.7,0.0,1
8,3,43.2,29.0,1.8,0.0,1
8,4,35.5,58.0,2.7,0.0,1
8,6,36.3,44.0,4.5,0.0,1
8,7,35.9,50.0,2.2,0.0,1
9,7,35.6,55.0,5.4,0.0,1
3,4,26.6,48.0,5.4,0.0,1
8,5,38.3,34.0,3.1,0.0,1
8,5,38.3,34.0,3.1,0.0,1
2,1,22.5,71.0,6.3,0.0,1
9,5,35.7,46.0,2.7,0.0,1
9,7,36.9,43.0,4.0,0.0,1
3,2,30.2,19.0,7.6,0.0,1
2,1,20.3,68.0,1.8,0.0,1
2,7,25.1,62.0,1.8,0.0,1
9,7,35.4,55.0,4.9,0.0,1
8,7,39.3,33.0,3.6,0.0,1
8,6,40.9,32.0,3.1,0.0,1
6,3,43.0,34.0,4.5,0.0,1
6,3,43.0,34.0,4.5,0.0,1
9,4,37.8,46.0,4.0,0.0,1
8,5,40.0,36.0,4.0,0.0,1
8,4,36.3,41.0,3.6,0.0,1
9,3,36.8,34.0,2.2,0.0,1
8,2,42.9,27.0,2.2,0.0,1
9,6,32.0,67.0,4.9,0.0,1
2,6,29.2,46.0,4.0,0.0,1
9,5,34.9,44.0,3.1,0.0,1
7,2,38.4,31.0,5.4,0.0,1
2,5,29.7,42.0,2.7,0.0,1
2,5,23.2,53.0,9.4,0.0,1
7,1,37.8,27.0,4.5,0.0,1
8,6,41.4,33.0,3.6,0.0,1
8,7,39.1,50.0,4.0,0.0,1
8,4,42.5,27.0,4.9,0.0,1
7,2,41.3,39.0,3.1,0.0,1
3,3,28.8,24.0,5.8,0.0,1
8,7,39.9,42.0,5.4,0.0,1
8,7,39.8,36.0,4.0,0.0,1
8,3,41.2,36.0,4.5,0.0,1
8,3,45.8,19.0,4.5,0.0,1
7,7,44.3,27.0,3.6,0.0,1
9,6,37.3,48.0,4.0,0.0,1
8,6,41.9,31.0,3.6,0.0,1
8,4,35.4,56.0,2.2,0.0,1
8,4,35.4,56.0,2.2,0.0,1
8,1,42.9,33.0,2.2,0.0,1
8,4,41.2,34.0,5.8,0.0,1
8,7,39.6,44.0,4.0,0.0,1
9,4,34.4,45.0,3.6,0.0,1
8,6,38.3,40.0,4.0,0.0,1
8,4,38.9,38.0,6.7,0.0,1
8,7,35.9,66.0,4.9,0.0,1
8,5,37.2,45.0,3.6,0.0,1
7,6,38.8,51.0,1.8,0.0,1
8,1,41.8,35.0,1.3,0.0,1
8,6,29.2,73.0,2.7,0.0,1
8,6,38.6,53.0,4.0,0.0,1
9,5,34.1,46.0,2.2,0.0,1
9,5,31.2,58.0,3.6,0.0,1
8,1,40.5,29.0,1.8,0.0,1
4,1,25.9,64.0,3.1,0.0,1
7,5,29.8,78.0,8.0,0.0,1
9,5,31.2,58.0,3.6,0.0,1
8,7,32.3,80.0,4.5,0.0,1
8,7,34.1,70.0,2.2,0.0,1
3,3,23.9,35.0,8.0,0.0,1
9,3,25.5,77.0,4.0,0.0,1
8,7,34.3,61.0,4.9,0.0,1
8,3,38.4,49.0,5.4,0.0,1
8,5,26.8,88.0,4.9,0.0,1
8,1,32.7,65.0,4.0,0.0,1
8,4,32.4,54.0,3.1,0.0,1
8,4,31.8,56.0,3.1,0.0,1
7,1,32.9,48.0,2.7,0.0,1
8,4,31.6,59.0,2.7,0.0,1
8,3,34.9,50.0,4.0,0.0,1
8,6,33.9,64.0,4.9,0.0,1
8,6,30.5,72.0,8.0,0.0,1
8,6,33.9,64.0,4.9,0.0,1
8,6,33.9,64.0,4.9,0.0,1
9,7,29.5,76.0,7.6,0.0,1
2,2,19.6,82.0,6.3,0.0,1
2,2,20.1,77.0,5.4,0.0,1
2,6,19.6,59.0,0.9,0.0,1
3,1,25.2,45.0,5.8,0.0,1
3,3,26.2,41.0,5.4,0.0,1
3,4,28.3,27.0,3.6,0.0,1
4,7,28.7,33.0,9.4,0.0,1
4,7,32.6,27.0,5.8,0.0,1
5,5,33.0,40.0,4.0,0.0,1
6,1,29.3,79.0,4.0,0.0,1
6,6,39.5,50.0,3.1,0.0,1
6,4,41.4,35.0,2.7,0.0,1
6,4,37.7,40.0,9.4,0.0,1
7,4,42.2,28.0,1.3,0.0,1
7,7,41.1,45.0,4.0,0.0,1
7,7,33.2,82.0,4.5,0.0,1
7,1,37.6,57.0,4.9,0.0,1
7,4,45.2,25.0,4.5,0.0,1
7,4,45.2,22.0,4.9,0.0,1
8,7,38.4,40.0,5.8,0.0,1
8,7,46.0,27.0,5.4,0.0,1
8,7,48.1,25.0,4.0,0.0,1
8,1,45.6,28.0,3.6,0.0,1
8,2,39.1,43.0,6.3,0.0,1
8,2,41.4,34.0,3.6,0.0,1
8,2,34.4,71.0,7.6,0.0,1
8,3,35.6,58.0,1.3,0.0,1
8,3,43.7,33.0,4.0,0.0,1
8,4,47.4,21.0,4.5,0.0,1
8,5,47.4,27.0,2.2,0.0,1
8,5,42.5,29.0,4.5,0.0,1
8,6,45.8,30.0,4.9,0.0,1
8,1,38.9,42.0,2.2,0.0,1
8,1,47.6,26.0,3.1,0.0,1
8,2,47.3,27.0,2.2,0.0,1
8,2,48.3,26.0,2.7,0.0,1
8,2,42.3,63.0,4.9,6.4,1
8,2,36.6,65.0,4.9,0.8,1
8,2,36.6,65.0,4.9,0.8,1
8,2,35.7,69.0,4.9,0.4,1
8,3,44.2,30.0,4.9,0.0,1
8,3,43.9,29.0,4.9,0.0,1
8,4,41.7,35.0,1.8,0.0,1
8,5,33.5,73.0,8.5,0.0,1
8,5,40.9,41.0,3.6,0.0,1
8,5,40.9,41.0,3.6,0.0,1
8,5,36.1,71.0,7.6,1.4,1
8,5,33.2,62.0,5.4,0.0,1
8,7,42.8,35.0,2.7,0.0,1
8,7,42.8,32.0,2.7,0.0,1
8,7,36.9,71.0,5.8,0.0,1
8,7,36.2,70.0,6.7,0.0,1
8,6,40.6,42.0,4.0,0.0,1
11,2,26.8,31.0,4.5,0.0,1
1,2,17.5,88.0,0.0,0.0,0
1,2,18.8,82.0,1.0,0.0,0
1,2,19.5,79.0,0.0,0.0,0
1,2,22.7,68.0,0.0,0.0,0
1,2,24.2,64.0,0.0,0.0,0
1,2,25.3,57.0,0.0,0.0,0
1,2,26.8,55.0,2.0,0.0,0
1,2,28.3,48.0,2.0,0.0,0
1,2,29.7,43.0,3.0,0.0,0
1,2,29.7,43.0,2.0,0.0,0
1,2,27.9,51.0,2.0,0.0,0
1,2,25.3,60.0,1.0,0.0,0
1,2,22.1,67.0,1.0,0.0,0
1,2,19.5,77.0,0.0,0.0,0
1,2,17.0,81.0,0.0,0.0,0
1,2,15.1,90.0,0.0,0.0,0
1,2,15.1,88.0,0.0,0.0,0
1,2,14.9,87.0,1.0,0.0,0
1,2,15.6,87.0,1.0,0.0,0
1,2,15.9,85.0,0.0,0.0,0
1,2,16.4,83.0,0.0,0.0,0
1,2,16.7,81.0,1.0,0.0,0
1,2,17.7,82.0,0.0,0.0,0
12,1,18.1,77.0,0.0,0.0,0
12,1,19.6,77.0,0.0,0.0,0
12,1,20.3,74.0,0.0,0.0,0
12,1,22.2,66.0,0.0,0.0,0
12,1,24.5,58.0,0.0,0.0,0
12,1,25.5,58.0,0.0,0.0,0
12,1,26.6,51.0,2.0,0.0,0
12,1,30.1,33.0,2.0,0.0,0
12,1,31.4,27.0,3.0,0.0,0
12,1,30.5,35.0,2.0,0.0,0
12,1,28.9,47.0,1.0,0.0,0
12,1,25.4,54.0,1.0,0.0,0
12,1,22.4,61.0,0.0,0.0,0
12,1,19.1,68.0,1.0,0.0,0
12,1,16.7,74.0,0.0,0.0,0
12,1,14.7,78.0,2.0,0.0,0
12,1,15.8,77.0,0.0,0.0,0
12,1,15.9,68.0,0.0,0.0,0
12,1,15.1,70.0,0.0,0.0,0
12,1,16.4,62.0,1.0,0.0,0
12,1,16.2,65.0,0.0,0.0,0
12,1,16.4,65.0,0.0,0.0,0
12,1,15.9,71.0,1.0,0.0,0
12,7,19.2,50.0,1.0,0.0,0
12,7,19.0,56.0,0.0,0.0,0
12,7,19.8,59.0,0.0,0.0,0
12,7,21.4,46.0,0.0,0.0,0
12,7,24.9,32.0,0.0,0.0,0
12,7,26.2,31.0,1.0,0.0,0
12,7,29.1,30.0,1.0,0.0,0
12,7,30.3,29.0,1.0,0.0,0
12,7,30.8,30.0,1.0,0.0,0
12,7,30.3,31.0,1.0,0.0,0
12,7,28.7,31.0,1.0,0.0,0
12,7,26.7,51.0,0.0,0.0,0
12,7,25.6,54.0,0.0,0.0,0
12,7,20.5,74.0,0.0,0.0,0
12,7,17.1,80.0,1.0,0.0,0
12,7,16.0,75.0,1.0,0.0,0
12,7,15.2,87.0,0.0,0.0,0
12,7,16.5,78.0,0.0,0.0,0
12,7,17.8,70.0,2.0,0.0,0
12,7,20.0,63.0,2.0,0.0,0
12,7,20.1,64.0,2.0,0.0,0
12,7,20.2,68.0,3.0,0.0,0
12,7,21.1,65.0,0.0,0.0,0
12,6,20.7,69.0,0.0,0.0,0
12,6,21.6,65.0,1.0,0.0,0
12,6,22.5,65.0,1.0,0.0,0
12,6,22.8,64.0,1.0,0.0,0
12,6,23.7,57.0,1.0,0.0,0
12,6,24.8,53.0,2.0,0.0,0
12,6,26.3,44.0,4.0,0.0,0
12,6,27.8,45.0,2.0,0.0,0
12,6,28.2,52.0,2.0,0.0,0
12,6,27.2,58.0,1.0,0.0,0
12,6,25.5,68.0,1.0,0.0,0
12,6,23.7,75.0,1.0,0.0,0
12,6,22.0,79.0,0.0,0.0,0
12,6,20.3,89.0,0.0,0.0,0
12,6,17.1,97.0,0.0,0.0,0
12,6,15.6,99.0,0.0,0.0,0
12,6,14.6,97.0,0.0,0.0,0
12,6,15.4,97.0,1.0,0.0,0
12,6,15.5,96.0,1.0,0.0,0
12,6,16.8,97.0,0.0,0.0,0
12,6,16.1,94.0,1.0,0.0,0
12,6,17.6,97.0,0.0,0.0,0
12,6,17.3,97.0,0.0,0.0,0
12,5,18.0,95.0,1.0,0.0,0
12,5,18.4,91.0,2.0,0.0,0
12,5,20.7,85.0,1.0,0.1,0
12,5,19.8,90.0,1.0,0.0,0
12,5,22.8,78.0,1.0,0.0,0
12,5,23.7,69.0,0.0,0.1,0
12,5,24.7,63.0,0.0,0.0,0
12,5,25.7,62.0,1.0,0.0,0
12,5,26.0,65.0,1.0,0.0,0
12,5,25.0,77.0,1.0,0.0,0
12,5,20.6,98.0,0.0,0.0,0
12,5,19.0,99.0,0.0,0.0,0
12,5,17.0,99.0,0.0,0.0,0
12,5,16.8,99.0,0.0,0.0,0
12,5,16.4,99.0,0.0,0.0,0
12,5,16.5,99.0,0.0,0.0,0
12,5,17.2,99.0,0.0,0.0,0
12,5,17.5,99.0,0.0,0.1,0
12,5,18.3,99.0,0.0,0.1,0
12,5,18.5,99.0,0.0,0.0,0
12,5,18.3,99.0,0.0,0.0,0
12,5,19.0,99.0,0.0,0.0,0
12,5,18.8,98.0,0.0,0.0,0
12,5,18.9,98.0,0.0,0.0,0
12,4,18.7,98.0,0.0,0.0,0
12,4,18.7,97.0,1.0,0.0,0
12,4,19.6,95.0,0.0,0.1,0
12,4,19.8,94.0,1.0,0.0,0
12,4,20.3,95.0,0.0,0.0,0
12,4,20.4,94.0,0.0,0.1,0
12,4,20.5,93.0,0.0,0.0,0
12,4,20.2,95.0,1.0,0.0,0
12,4,20.1,96.0,1.0,0.0,0
12,4,18.7,99.0,0.0,0.0,0
12,4,18.0,99.0,0.0,0.0,0
12,4,17.0,99.0,0.0,0.1,0
12,4,16.0,99.0,0.0,0.0,0
12,4,15.2,99.0,1.0,0.0,0
12,4,14.8,99.0,1.0,0.0,0
12,4,14.3,99.0,0.0,0.0,0
12,4,14.6,99.0,0.0,0.0,0
12,4,14.6,99.0,0.0,0.0,0
12,4,14.9,99.0,0.0,0.0,0
12,4,14.9,99.0,0.0,0.0,0
12,4,15.2,99.0,0.0,0.0,0
12,4,15.5,99.0,0.0,0.0,0
12,4,16.8,98.0,0.0,0.0,0
12,3,16.8,98.0,0.0,0.0,0
12,3,18.0,97.0,0.0,0.0,0
12,3,18.5,97.0,0.0,0.0,0
12,3,19.6,95.0,0.0,0.0,0
12,3,20.8,90.0,0.0,0.0,0
12,3,21.9,85.0,0.0,0.0,0
12,3,22.3,84.0,0.0,0.0,0
12,3,23.9,78.0,0.0,0.0,0
12,3,22.8,94.0,1.0,0.0,0
12,3,21.5,99.0,1.0,0.0,0
12,3,20.3,99.0,0.0,0.0,0
12,3,18.7,99.0,0.0,0.0,0
12,3,17.5,99.0,0.0,0.0,0
12,3,17.1,99.0,0.0,0.0,0
12,3,16.0,99.0,0.0,0.0,0
12,3,15.8,99.0,0.0,0.0,0
12,3,16.0,99.0,0.0,0.0,0
12,3,16.2,99.0,0.0,0.2,0
12,3,16.3,99.0,0.0,0.1,0
12,3,16.8,99.0,0.0,0.0,0
12,3,17.1,99.0,0.0,0.0,0
12,3,17.0,99.0,0.0,0.1,0
12,3,17.4,99.0,0.0,0.0,0
12,3,17.6,98.0,0.0,0.0,0
12,2,17.5,98.0,0.0,0.0,0
12,2,19.2,97.0,0.0,0.0,0
12,2,20.3,97.0,0.0,0.0,0
12,2,20.9,95.0,0.0,0.0,0
12,2,22.1,91.0,0.0,0.0,0
12,2,23.5,85.0,1.0,0.1,0
12,2,23.9,83.0,1.0,0.0,0
12,2,25.4,80.0,1.0,0.0,0
12,2,25.7,79.0,1.0,0.0,0
12,2,24.5,87.0,1.0,0.0,0
12,2,22.5,99.0,1.0,0.0,0
12,2,20.3,99.0,1.0,0.1,0
12,2,18.4,99.0,0.0,0.0,0
12,2,17.6,99.0,1.0,0.0,0
12,2,16.7,99.0,0.0,0.1,0
12,2,16.9,99.0,0.0,0.0,0
12,2,17.1,99.0,0.0,0.0,0
12,2,17.1,99.0,0.0,0.2,0
12,2,17.5,99.0,1.0,0.0,0
12,2,17.5,99.0,0.0,0.1,0
12,2,17.9,99.0,0.0,0.0,0
12,2,18.4,98.0,0.0,0.0,0
12,2,18.6,99.0,0.0,0.1,0
12,2,19.1,98.0,0.0,0.0,0
12,1,19.3,99.0,0.0,0.0,0
12,1,19.7,98.0,0.0,0.0,0
12,1,20.0,98.0,0.0,0.1,0
12,1,20.9,97.0,1.0,0.0,0
12,1,20.6,96.0,1.0,0.0,0
12,1,21.5,94.0,0.0,0.2,0
12,1,21.9,93.0,0.0,0.0,0
12,1,22.3,92.0,0.0,0.0,0
12,1,22.8,92.0,3.0,0.0,0
12,1,21.3,99.0,0.0,0.0,0
12,1,20.8,99.0,0.0,0.0,0
12,1,19.6,99.0,0.0,0.2,0
12,1,17.7,99.0,0.0,0.0,0
12,1,17.0,99.0,0.0,0.1,0
12,1,16.5,99.0,0.0,0.0,0
12,1,16.8,99.0,0.0,0.0,0
12,1,17.0,99.0,0.0,0.1,0
12,1,17.4,99.0,0.0,0.1,0
12,1,17.7,99.0,0.0,0.0,0
12,1,18.2,99.0,0.0,0.0,0
12,1,18.7,98.0,0.0,0.0,0
12,1,19.0,98.0,0.0,0.1,0
12,1,19.4,98.0,0.0,0.0,0
12,1,19.4,98.0,0.0,0.0,0
12,7,19.6,97.0,0.0,0.0,0
12,7,20.2,97.0,0.0,0.0,0
12,7,20.8,96.0,0.0,0.0,0
12,7,20.7,96.0,1.0,0.0,0
12,7,21.7,93.0,0.0,0.0,0
12,7,22.8,88.0,1.0,0.0,0
12,7,23.4,86.0,1.0,0.0,0
12,7,24.0,84.0,1.0,0.0,0
12,7,24.3,83.0,1.0,0.0,0
12,7,24.2,83.0,1.0,0.0,0
12,7,23.8,84.0,2.0,0.0,0
12,7,23.9,84.0,2.0,0.0,0
12,7,23.7,83.0,2.0,0.0,0
12,7,23.1,84.0,1.0,0.0,0
12,7,22.7,87.0,1.0,0.0,0
12,7,22.8,86.0,1.0,0.0,0
12,7,23.1,84.0,1.0,0.0,0
12,7,23.4,83.0,0.0,0.0,0
12,7,23.5,84.0,1.0,0.0,0
12,7,23.7,83.0,1.0,0.0,0
12,7,23.8,84.0,1.0,0.0,0
12,7,23.9,86.0,1.0,0.0,0
12,7,24.0,86.0,0.0,0.0,0
12,6,23.7,93.0,1.0,0.0,0
12,6,23.8,95.0,0.0,0.0,0
12,6,23.9,94.0,1.0,0.1,0
12,6,24.0,90.0,0.0,0.0,0
12,6,24.3,90.0,0.0,0.0,0
12,6,24.7,89.0,1.0,0.2,0
12,6,25.4,86.0,2.0,0.0,0
12,6,26.2,84.0,1.0,0.0,0
12,6,26.1,85.0,3.0,0.0,0
12,6,26.1,86.0,3.0,0.0,0
12,6,26.0,91.0,1.0,0.0,0
12,6,25.5,95.0,1.0,0.2,0
12,6,25.3,98.0,0.0,0.0,0
12,6,24.3,99.0,2.0,0.1,0
12,6,24.0,99.0,0.0,0.1,0
12,6,23.7,98.0,0.0,0.0,0
12,6,23.7,98.0,1.0,0.0,0
12,6,23.7,98.0,1.0,0.1,0
12,6,24.0,97.0,0.0,0.0,0
12,6,24.0,97.0,0.0,0.0,0
12,6,24.0,97.0,0.0,0.0,0
12,6,23.9,97.0,1.0,0.0,0
12,6,24.0,97.0,1.0,0.0,0
12,6,24.0,96.0,0.0,0.1,0
12,5,24.2,95.0,1.0,0.0,0
12,5,24.9,93.0,0.0,0.0,0
12,5,24.4,95.0,0.0,0.2,0
12,5,24.6,97.0,2.0,0.1,0
12,5,24.4,97.0,0.0,0.0,0
12,5,24.5,97.0,0.0,0.5,0
12,5,24.8,94.0,0.0,0.0,0
12,5,25.1,92.0,1.0,0.0,0
12,5,25.3,91.0,2.0,0.0,0
12,5,25.7,85.0,2.0,0.0,0
12,5,24.2,94.0,1.0,0.0,0
12,5,23.5,97.0,0.0,0.4,0
12,5,23.1,99.0,0.0,0.0,0
12,5,22.7,98.0,0.0,0.0,0
12,5,22.2,99.0,1.0,0.0,0
12,5,22.0,97.0,0.0,0.3,0
12,5,22.0,97.0,0.0,0.0,0
12,5,22.0,96.0,0.0,0.1,0
12,5,22.7,89.0,0.0,0.0,0
12,5,23.1,84.0,2.0,0.0,0
12,5,23.4,83.0,3.0,0.0,0
12,5,23.2,86.0,1.0,0.0,0
12,5,23.6,84.0,1.0,0.0,0
12,5,23.4,85.0,1.0,0.0,0
12,4,23.6,83.0,2.0,0.0,0
12,4,24.4,80.0,1.0,0.0,0
12,4,23.9,89.0,1.0,0.0,0
12,4,24.4,84.0,1.0,0.0,0
12,4,24.3,85.0,2.0,0.0,0
12,4,24.7,80.0,2.0,0.4,0
12,4,24.7,81.0,1.0,0.0,0
12,4,24.7,83.0,2.0,0.0,0
12,4,25.2,82.0,3.0,0.0,0
12,4,25.5,80.0,3.0,0.0,0
12,4,24.7,85.0,2.0,0.0,0
12,4,24.0,90.0,2.0,0.4,0
12,4,24.3,89.0,2.0,0.0,0
12,4,22.9,95.0,1.0,0.0,0
12,4,22.2,97.0,1.0,0.0,0
12,4,21.4,98.0,1.0,0.0,0
12,4,21.4,98.0,1.0,0.4,0
12,4,21.8,95.0,1.0,2.0,0
12,4,21.4,98.0,1.0,0.0,0
12,4,21.2,97.0,1.0,0.1,0
12,4,21.3,97.0,3.0,0.4,0
12,4,21.5,97.0,1.0,0.6,0
12,4,21.5,96.0,2.0,0.5,0
12,4,22.2,89.0,2.0,0.1,0
12,3,22.0,90.0,2.0,0.0,0
12,3,22.2,85.0,1.0,0.0,0
12,3,22.1,85.0,3.0,1.0,0
12,3,22.2,82.0,3.0,0.0,0
12,3,22.0,84.0,2.0,0.0,0
12,3,22.5,82.0,3.0,3.0,0
12,3,22.5,85.0,1.0,0.0,0
12,3,23.0,83.0,2.0,0.0,0
12,3,22.6,90.0,2.0,0.1,0
12,3,22.3,90.0,2.0,0.3,0
12,3,22.0,93.0,2.0,0.0,0
12,3,22.3,87.0,2.0,2.0,0
12,3,22.0,91.0,2.0,0.2,0
12,3,22.3,92.0,2.0,0.6,0
12,3,20.8,94.0,2.0,0.7,0
12,3,20.2,95.0,2.0,0.9,0
12,3,21.0,85.0,2.0,0.0,0
12,3,21.2,82.0,3.0,0.8,0
12,3,20.2,96.0,1.0,0.0,0
12,3,19.9,96.0,3.0,0.8,0
12,3,20.5,93.0,3.0,0.0,0
12,3,20.8,89.0,4.0,0.0,0
12,3,21.0,88.0,2.0,0.0,0
12,3,21.2,85.0,1.0,0.0,0
12,2,20.7,87.0,1.0,0.0,0
12,2,21.3,85.0,2.0,0.0,0
12,2,21.3,87.0,1.0,6.0,0
12,2,21.6,87.0,2.0,0.0,0
12,2,21.7,87.0,4.0,0.0,0
12,2,21.8,91.0,2.0,6.0,0
12,2,21.8,92.0,2.0,0.3,0
12,2,21.5,97.0,3.0,1.0,0
12,2,21.4,97.0,3.0,1.0,0
12,2,20.8,97.0,1.0,1.0,0
12,2,19.6,95.0,1.0,2.0,0
12,2,19.2,95.0,1.0,0.4,0
12,2,18.9,92.0,1.0,0.0,0
12,2,18.1,93.0,0.0,0.0,0
12,2,17.3,97.0,0.0,0.0,0
12,2,17.1,96.0,0.0,0.0,0
12,2,16.7,98.0,0.0,0.0,0
12,2,14.9,97.0,0.0,0.0,0
12,2,15.2,98.0,1.0,0.0,0
12,2,16.2,97.0,1.0,0.0,0
12,2,16.4,97.0,0.0,0.0,0
12,2,17.0,96.0,0.0,0.0,0
12,2,17.1,97.0,0.0,0.0,0
12,1,17.0,95.0,0.0,0.0,0
12,1,17.5,95.0,0.0,0.0,0
12,1,18.0,94.0,0.0,0.0,0
12,1,18.4,93.0,1.0,0.0,0
12,1,19.5,90.0,1.0,0.0,0
12,1,20.3,85.0,1.0,0.0,0
12,1,20.6,85.0,1.0,0.0,0
12,1,21.6,82.0,1.0,0.0,0
12,1,22.1,80.0,2.0,0.0,0
12,1,22.6,81.0,2.0,0.0,0
12,1,21.0,85.0,1.0,0.0,0
12,1,20.5,87.0,1.0,0.0,0
12,1,19.4,92.0,2.0,0.0,0
12,1,17.9,97.0,2.0,0.0,0
12,1,17.1,97.0,1.0,0.0,0
12,1,17.4,97.0,0.0,0.0,0
12,1,17.8,91.0,2.0,0.0,0
12,1,18.1,94.0,1.0,0.0,0
12,1,18.2,93.0,0.0,0.0,0
12,1,17.9,94.0,0.0,0.0,0
12,1,19.4,88.0,1.0,0.0,0
12,1,19.8,86.0,3.0,0.0,0
12,7,19.9,89.0,1.0,0.0,0
12,7,20.4,84.0,1.0,0.0,0
12,7,20.5,84.0,1.0,8.0,0
12,7,20.3,86.0,1.0,0.1,0
12,7,19.6,88.0,0.0,0.0,0
12,7,19.9,86.0,1.0,8.0,0
12,7,20.3,88.0,4.0,0.4,0
12,7,22.0,78.0,4.0,0.0,0
12,7,22.3,78.0,3.0,0.0,0
12,7,21.6,84.0,5.0,0.7,0
12,7,23.2,83.0,2.0,0.7,0
12,7,21.4,93.0,3.0,6.0,0
12,7,21.9,89.0,2.0,2.0,0
12,7,23.7,73.0,4.0,0.0,0
12,7,23.4,70.0,6.0,0.0,0
12,7,23.1,84.0,4.0,0.0,0
12,7,23.6,83.0,4.0,0.0,0
12,7,23.7,89.0,4.0,19.0,0
12,7,23.8,94.0,1.0,2.0,0
12,7,24.4,94.0,3.0,3.0,0
12,7,24.9,97.0,2.0,1.0,0
12,7,24.6,98.0,3.0,3.0,0
12,7,24.7,97.0,4.0,3.0,0
12,7,24.7,97.0,4.0,6.0,0
12,6,24.7,97.0,4.0,0.8,0
12,6,24.6,97.0,4.0,2.0,0
12,6,24.6,97.0,2.0,2.0,0
12,6,24.6,95.0,4.0,0.0,0
12,6,24.7,95.0,5.0,0.3,0
12,6,24.7,96.0,5.0,1.0,0
12,6,24.4,97.0,4.0,0.1,0
12,6,24.4,97.0,5.0,0.1,0
12,6,24.7,95.0,4.0,0.0,0
12,6,25.1,91.0,3.0,0.0,0
12,6,25.0,89.0,4.0,0.0,0
12,6,24.9,89.0,5.0,0.9,0
12,6,24.9,89.0,4.0,0.0,0
12,6,23.1,99.0,2.0,0.1,0
12,6,22.6,98.0,1.0,0.5,0
12,6,22.1,98.0,1.0,0.2,0
12,6,22.0,98.0,0.0,0.1,0
12,6,21.9,98.0,2.0,2.0,0
12,6,21.9,97.0,1.0,0.5,0
12,6,22.0,98.0,1.0,0.1,0
12,6,21.9,97.0,2.0,0.5,0
12,6,22.4,96.0,1.0,0.0,0
12,6,22.0,96.0,0.0,0.0,0
12,6,22.1,95.0,1.0,0.0,0
12,5,22.1,92.0,0.0,0.0,0
12,5,22.3,90.0,1.0,0.0,0
12,5,22.1,91.0,1.0,0.0,0
12,5,22.4,87.0,1.0,0.0,0
12,5,22.4,85.0,1.0,0.0,0
12,5,22.3,85.0,2.0,0.0,0
12,5,22.7,81.0,3.0,0.0,0
12,5,23.2,76.0,2.0,0.0,0
12,5,23.2,77.0,4.0,0.0,0
12,5,22.6,79.0,3.0,0.0,0
12,5,22.5,79.0,2.0,0.0,0
12,5,22.3,77.0,5.0,0.0,0
12,5,21.7,80.0,4.0,0.0,0
12,5,20.9,83.0,4.0,0.0,0
12,5,20.4,85.0,3.0,0.0,0
12,5,19.9,86.0,2.0,0.0,0
12,5,20.0,82.0,3.0,0.0,0
12,5,19.7,83.0,6.0,0.0,0
12,5,20.2,75.0,2.0,0.0,0
12,5,19.9,79.0,5.0,0.0,0
12,5,20.4,78.0,4.0,0.0,0
12,5,20.4,77.0,3.0,0.0,0
12,5,20.4,75.0,3.0,0.0,0
12,4,20.5,76.0,4.0,0.0,0
12,4,20.2,77.0,4.0,0.0,0
12,4,20.0,78.0,2.0,0.0,0
12,4,20.5,76.0,5.0,0.0,0
12,4,20.5,75.0,8.0,0.0,0
12,4,20.9,73.0,6.0,0.0,0
12,4,21.4,67.0,2.0,0.0,0
12,4,22.9,57.0,3.0,0.0,0
12,4,22.2,68.0,7.0,0.0,0
12,4,22.0,69.0,6.0,0.0,0
12,4,22.2,70.0,6.0,0.0,0
12,4,21.3,76.0,7.0,0.0,0
12,4,22.0,70.0,7.0,0.0,0
12,4,20.8,79.0,7.0,0.0,0
12,4,19.9,86.0,3.0,0.0,0
12,4,19.1,87.0,5.0,0.0,0
12,4,19.7,86.0,3.0,0.0,0
12,4,20.0,88.0,4.0,10.0,0
12,4,21.2,88.0,4.0,1.0,0
12,4,23.0,97.0,4.0,0.8,0
12,4,23.0,97.0,1.0,0.4,0
12,4,22.9,98.0,4.0,1.0,0
12,4,22.3,99.0,0.0,2.0,0
12,4,22.2,98.0,1.0,3.0,0
12,3,22.2,98.0,3.0,2.0,0
12,3,22.0,97.0,4.0,0.4,0
12,3,22.1,95.0,1.0,0.1,0
12,3,22.4,92.0,3.0,0.0,0
12,3,22.1,91.0,2.0,0.0,0
12,3,23.2,85.0,2.0,0.0,0
12,3,22.9,87.0,1.0,0.0,0
12,3,21.9,94.0,3.0,0.0,0
12,3,21.2,97.0,1.0,0.0,0
12,3,20.4,99.0,1.0,0.0,0
12,3,19.9,99.0,0.0,0.0,0
12,3,18.9,99.0,0.0,0.0,0
12,3,18.1,99.0,1.0,0.0,0
12,3,17.3,99.0,0.0,0.0,0
12,3,16.8,99.0,0.0,0.0,0
12,3,16.4,99.0,0.0,0.0,0
12,3,16.2,99.0,0.0,0.0,0
12,3,16.6,98.0,0.0,0.0,0
12,3,16.6,98.0,0.0,0.0,0
12,3,16.8,97.0,2.0,0.0,0
12,3,18.0,97.0,0.0,0.0,0
12,3,18.8,92.0,0.0,0.0,0
12,3,19.9,89.0,1.0,0.0,0
12,2,20.2,86.0,1.0,0.0,0
12,2,24.2,72.0,2.0,0.0,0
12,2,24.4,70.0,2.0,0.0,0
12,2,24.7,71.0,3.0,0.0,0
12,2,24.6,68.0,2.0,0.0,0
12,2,25.2,64.0,1.0,0.0,0
12,2,26.7,56.0,2.0,0.0,0
12,2,27.9,53.0,2.0,0.0,0
12,2,26.1,67.0,1.0,0.0,0
12,2,25.5,68.0,3.0,0.0,0
12,2,24.9,63.0,2.0,0.0,0
12,2,22.7,71.0,1.0,0.0,0
12,2,20.9,82.0,0.0,0.0,0
12,2,17.9,89.0,0.0,0.0,0
12,2,15.6,97.0,0.0,0.0,0
12,2,14.9,97.0,0.0,0.0,0
12,2,15.2,97.0,0.0,0.0,0
12,2,15.5,96.0,0.0,0.0,0
12,2,16.3,96.0,0.0,0.0,0
12,2,16.5,96.0,1.0,0.0,0
12,2,17.0,97.0,0.0,0.0,0
12,2,17.4,97.0,0.0,0.0,0
12,2,18.1,94.0,0.0,0.0,0
12,1,19.1,93.0,0.0,0.0,0
12,1,19.6,88.0,1.0,0.0,0
12,1,21.0,85.0,1.0,0.0,0
12,1,21.4,84.0,0.0,0.0,0
12,1,23.1,77.0,1.0,0.0,0
12,1,24.4,71.0,1.0,0.0,0
12,1,25.2,68.0,1.0,0.0,0
12,1,26.2,62.0,0.0,0.0,0
12,1,26.8,59.0,0.0,0.0,0
12,1,28.1,60.0,0.0,0.0,0
12,1,25.9,68.0,1.0,0.0,0
12,1,24.0,70.0,1.0,0.0,0
12,1,22.4,74.0,1.0,0.0,0
12,1,20.8,80.0,0.0,0.0,0
12,1,17.5,87.0,0.0,0.0,0
12,1,16.3,93.0,0.0,0.0,0
12,1,16.2,97.0,0.0,0.0,0
12,1,17.3,97.0,0.0,0.0,0
12,1,17.7,95.0,0.0,0.0,0
12,1,18.2,93.0,0.0,0.0,0
12,1,18.1,96.0,0.0,0.0,0
12,1,19.5,90.0,0.0,0.0,0
12,1,20.0,90.0,0.0,0.0,0
12,7,20.1,93.0,0.0,0.0,0
12,7,21.4,88.0,0.0,0.0,0
12,7,22.0,87.0,0.0,0.0,0
12,7,24.2,73.0,1.0,0.0,0
12,7,24.5,74.0,2.0,0.0,0
12,7,27.0,63.0,0.0,0.0,0
12,7,28.4,57.0,0.0,0.0,0
12,7,31.1,54.0,0.0,0.0,0
12,7,29.9,62.0,0.0,0.0,0
12,7,28.6,66.0,1.0,0.0,0
12,7,28.2,67.0,1.0,0.0,0
12,7,25.8,72.0,1.0,0.0,0
12,7,21.6,81.0,1.0,0.0,0
12,7,20.2,91.0,1.0,0.0,0
12,7,17.9,98.0,0.0,0.0,0
12,7,16.3,98.0,0.0,0.0,0
12,7,16.0,98.0,0.0,0.0,0
12,7,17.7,98.0,0.0,0.0,0
12,7,17.6,97.0,0.0,0.0,0
12,7,17.6,96.0,1.0,0.0,0
12,7,18.7,95.0,0.0,0.0,0
12,7,18.9,94.0,0.0,0.0,0
12,7,19.7,91.0,0.0,0.0,0
12,6,20.6,90.0,0.0,0.0,0
12,6,20.6,88.0,1.0,0.0,0
12,6,21.8,84.0,1.0,0.0,0
12,6,21.9,85.0,1.0,0.0,0
12,6,23.4,77.0,0.0,0.0,0
12,6,25.1,71.0,1.0,0.0,0
12,6,25.4,70.0,1.0,0.0,0
12,6,26.8,66.0,2.0,0.0,0
12,6,28.6,53.0,1.0,0.0,0
12,6,28.2,54.0,2.0,0.0,0
12,6,26.9,55.0,1.0,0.0,0
12,6,25.1,65.0,0.0,0.0,0
12,6,24.2,70.0,2.0,0.0,0
12,6,21.9,78.0,0.0,0.0,0
12,6,19.8,84.0,1.0,0.0,0
12,6,18.4,90.0,0.0,0.0,0
12,6,19.2,84.0,0.0,0.0,0
12,6,21.7,70.0,3.0,0.0,0
12,6,21.9,77.0,3.0,0.0,0
12,6,21.8,83.0,3.0,0.0,0
12,6,22.1,87.0,4.0,0.0,0
12,6,22.6,89.0,3.0,0.0,0
12,6,23.3,88.0,4.0,0.0,0
12,5,23.8,84.0,4.0,0.0,0
12,5,24.3,84.0,3.0,0.0,0
12,5,24.2,89.0,3.0,0.1,0
12,5,24.7,87.0,3.0,0.0,0
12,5,24.9,88.0,2.0,0.0,0
12,5,24.8,89.0,3.0,0.1,0
12,5,24.9,89.0,2.0,0.0,0
12,5,24.8,88.0,3.0,0.0,0
12,5,25.3,82.0,3.0,0.0,0
12,5,25.4,80.0,3.0,0.0,0
12,5,26.6,75.0,3.0,0.0,0
12,5,24.9,95.0,3.0,0.0,0
12,5,19.8,99.0,1.0,0.0,0
12,5,18.7,99.0,1.0,0.0,0
12,5,18.9,99.0,1.0,0.0,0
12,5,18.9,99.0,1.0,0.0,0
12,5,18.7,99.0,1.0,0.1,0
12,5,18.8,99.0,0.0,0.0,0
12,5,19.2,99.0,1.0,0.0,0
12,5,19.3,99.0,1.0,0.1,0
12,5,19.7,99.0,1.0,0.0,0
12,5,19.9,99.0,2.0,0.0,0
12,5,20.8,99.0,1.0,0.0,0
12,4,21.0,99.0,0.0,0.0,0
12,4,21.4,98.0,0.0,0.0,0
12,4,21.4,98.0,1.0,0.0,0
12,4,22.1,98.0,1.0,0.0,0
12,4,22.6,98.0,2.0,0.0,0
12,4,23.5,97.0,2.0,0.1,0
12,4,24.3,94.0,3.0,0.0,0
12,4,25.9,89.0,3.0,0.0,0
12,4,27.0,84.0,4.0,0.0,0
12,4,26.7,81.0,4.0,0.0,0
12,4,26.5,87.0,4.0,0.0,0
12,4,24.1,99.0,2.0,0.0,0
12,4,22.8,99.0,3.0,0.0,0
12,4,23.2,99.0,0.0,0.0,0
12,4,23.5,99.0,0.0,0.0,0
12,4,23.0,99.0,1.0,0.0,0
12,4,21.5,99.0,2.0,0.0,0
12,4,21.7,99.0,2.0,0.0,0
12,4,21.7,99.0,0.0,0.0,0
12,4,21.9,99.0,2.0,0.0,0
12,4,21.9,99.0,3.0,0.0,0
12,4,22.0,99.0,3.0,0.0,0
12,4,22.4,98.0,1.0,0.0,0
12,3,22.5,98.0,2.0,0.0,0
12,3,22.9,98.0,1.0,0.0,0
12,3,23.0,98.0,2.0,0.0,0
12,3,22.9,98.0,3.0,0.0,0
12,3,23.0,99.0,2.0,0.0,0
12,3,23.1,98.0,1.0,0.1,0
12,3,23.2,98.0,2.0,0.0,0
12,3,23.2,99.0,3.0,0.0,0
12,3,23.2,99.0,1.0,0.0,0
12,3,22.2,99.0,2.0,0.0,0
12,3,21.9,99.0,4.0,0.0,0
12,3,21.1,99.0,1.0,0.1,0
12,3,20.3,99.0,3.0,0.0,0
12,3,19.4,99.0,1.0,0.0,0
12,3,18.6,99.0,0.0,0.1,0
12,3,18.4,99.0,1.0,0.0,0
12,3,18.4,99.0,0.0,0.0,0
12,3,18.1,99.0,0.0,0.1,0
12,3,18.3,99.0,0.0,0.0,0
12,3,18.6,99.0,0.0,0.0,0
12,3,18.8,98.0,0.0,0.0,0
12,3,19.4,98.0,0.0,0.0,0
12,3,21.1,97.0,0.0,0.0,0
12,3,22.0,97.0,0.0,0.0,0
12,2,22.3,95.0,1.0,0.0,0
12,2,22.4,92.0,1.0,0.0,0
12,2,23.7,90.0,1.0,0.0,0
12,2,24.5,87.0,0.0,0.0,0
12,2,25.2,86.0,1.0,0.0,0
12,2,26.4,81.0,1.0,0.1,0
12,2,27.7,75.0,2.0,0.0,0
12,2,29.2,65.0,0.0,0.0,0
12,2,29.7,68.0,1.0,0.0,0
12,2,30.0,68.0,1.0,0.0,0
12,2,28.5,74.0,1.0,0.0,0
12,2,27.9,78.0,2.0,0.1,0
12,2,26.1,88.0,0.0,0.0,0
12,2,24.8,97.0,0.0,0.0,0
12,2,23.9,98.0,1.0,0.1,0
12,2,23.6,97.0,1.0,0.0,0
12,2,23.5,98.0,1.0,0.0,0
12,2,24.3,98.0,0.0,0.0,0
12,2,24.5,97.0,1.0,0.0,0
12,2,25.2,97.0,1.0,0.0,0
12,2,25.4,97.0,1.0,0.0,0
12,2,25.5,96.0,1.0,0.0,0
12,2,25.5,98.0,1.0,0.0,0
12,1,25.4,97.0,1.0,0.0,0
12,1,25.6,97.0,0.0,0.0,0
12,1,26.0,96.0,0.0,0.1,0
12,1,25.9,97.0,0.0,0.0,0
12,1,26.0,95.0,0.0,0.0,0
12,1,26.1,94.0,2.0,0.3,0
12,1,26.4,93.0,1.0,0.0,0
12,1,26.5,92.0,3.0,0.0,0
12,1,27.3,88.0,1.0,0.0,0
12,1,28.2,83.0,2.0,0.0,0
12,1,28.7,79.0,3.0,0.0,0
12,1,27.3,85.0,3.0,0.3,0
12,1,27.1,85.0,2.0,0.1,0
12,1,25.0,99.0,0.0,0.0,0
12,1,24.4,99.0,0.0,0.0,0
12,1,23.9,98.0,0.0,0.0,0
12,1,23.8,98.0,0.0,0.2,0
12,1,24.0,95.0,0.0,0.0,0
12,1,24.1,92.0,1.0,0.0,0
12,1,24.2,90.0,0.0,0.0,0
12,1,24.7,87.0,1.0,0.0,0
12,1,24.8,86.0,1.0,0.0,0
12,1,25.3,84.0,1.0,0.0,0
12,7,25.2,85.0,1.0,0.0,0
12,7,25.5,82.0,0.0,0.0,0
12,7,25.7,80.0,1.0,0.0,0
12,7,25.2,82.0,1.0,0.0,0
12,7,25.6,80.0,1.0,0.0,0
12,7,26.0,77.0,2.0,0.0,0
12,7,26.4,74.0,2.0,0.0,0
12,7,27.3,70.0,3.0,0.0,0
12,7,26.8,72.0,3.0,0.0,0
12,7,26.3,76.0,1.0,0.0,0
12,7,26.1,75.0,2.0,0.0,0
12,7,26.5,74.0,3.0,0.0,0
12,7,25.6,79.0,1.0,0.0,0
12,7,24.9,81.0,1.0,0.0,0
12,7,24.4,82.0,2.0,0.0,0
12,7,24.2,82.0,4.0,0.0,0
12,7,24.3,82.0,3.0,0.0,0
12,7,24.5,82.0,3.0,0.0,0
12,7,24.3,83.0,2.0,0.0,0
12,7,23.4,85.0,1.0,0.0,0
12,7,24.0,81.0,2.0,0.0,0
12,7,24.0,82.0,3.0,0.0,0
12,7,24.0,81.0,3.0,0.0,0
12,6,24.0,80.0,2.0,0.0,0
12,6,24.0,82.0,4.0,0.0,0
12,6,24.0,81.0,4.0,0.0,0
12,6,23.5,86.0,3.0,0.0,0
12,6,23.6,85.0,3.0,0.0,0
12,6,23.7,84.0,2.0,0.0,0
12,6,24.0,83.0,2.0,0.0,0
12,6,24.0,85.0,4.0,0.0,0
12,6,23.3,89.0,2.0,0.0,0
12,6,24.2,82.0,2.0,0.0,0
12,6,23.7,85.0,3.0,0.0,0
12,6,23.7,84.0,2.0,0.0,0
12,6,23.6,83.0,1.0,0.0,0
12,6,22.9,82.0,2.0,0.0,0
12,6,21.6,88.0,0.0,0.0,0
12,6,21.6,88.0,2.0,0.0,0
12,6,19.3,89.0,0.0,0.0,0
12,6,20.8,91.0,1.0,0.0,0
12,6,21.4,88.0,1.0,0.0,0
12,6,20.2,92.0,1.0,0.0,0
12,6,21.3,91.0,1.0,0.0,0
12,6,18.2,94.0,0.0,0.0,0
12,6,19.6,97.0,1.0,0.0,0
11,5,19.5,95.0,0.0,0.0,0
11,5,19.2,95.0,0.0,0.0,0
11,5,20.2,92.0,0.0,0.0,0
11,5,20.5,94.0,1.0,0.0,0
11,5,20.9,89.0,0.0,0.0,0
11,5,21.8,84.0,0.0,0.0,0
11,5,23.1,77.0,3.0,0.0,0
11,5,25.2,72.0,2.0,0.0,0
11,5,24.3,76.0,2.0,0.0,0
11,5,24.9,71.0,3.0,0.0,0
11,5,25.3,74.0,2.0,0.0,0
11,5,23.7,78.0,2.0,0.0,0
11,5,23.1,82.0,1.0,0.0,0
11,5,21.4,88.0,2.0,0.0,0
11,5,20.4,94.0,2.0,0.0,0
11,5,19.2,97.0,1.0,0.0,0
11,5,18.0,97.0,1.0,0.1,0
11,5,20.3,95.0,1.0,0.0,0
11,5,20.2,97.0,2.0,0.0,0
11,5,20.0,98.0,2.0,0.1,0
11,5,20.1,99.0,3.0,0.0,0
11,5,19.6,99.0,1.0,0.0,0
11,5,19.7,99.0,1.0,0.0,0
11,4,20.2,99.0,1.0,0.0,0
11,4,20.2,99.0,1.0,0.0,0
11,4,20.3,99.0,0.0,17.0,0
11,4,20.2,99.0,1.0,0.0,0
11,4,20.5,99.0,0.0,0.0,0
11,4,20.2,99.0,1.0,18.0,0
11,4,20.3,99.0,0.0,0.0,0
11,4,20.2,99.0,0.0,0.2,0
11,4,20.0,99.0,1.0,0.2,0
11,4,20.0,99.0,0.0,2.0,0
11,4,18.8,99.0,1.0,3.0,0
11,4,17.3,99.0,2.0,13.0,0
11,4,17.7,99.0,1.0,3.0,0
11,4,17.9,99.0,0.0,0.2,0
11,4,16.8,100.0,0.0,1.0,0
11,4,15.8,99.0,0.0,0.0,0
11,4,14.6,99.0,2.0,0.0,0
11,4,14.9,98.0,0.0,0.0,0
11,4,14.3,98.0,1.0,0.0,0
11,4,15.2,98.0,0.0,0.0,0
11,4,14.8,98.0,0.0,0.0,0
11,4,14.7,98.0,0.0,0.0,0
11,4,16.2,98.0,2.0,0.0,0
11,3,16.8,97.0,0.0,0.0,0
11,3,18.3,97.0,0.0,0.0,0
11,3,19.0,93.0,0.0,0.0,0
11,3,19.7,90.0,0.0,0.0,0
11,3,21.7,82.0,1.0,0.0,0
11,3,22.7,77.0,0.0,0.0,0
11,3,23.6,72.0,1.0,0.0,0
11,3,24.6,70.0,2.0,0.0,0
11,3,25.7,66.0,3.0,0.0,0
11,3,25.3,70.0,4.0,0.0,0
11,3,24.0,82.0,3.0,0.0,0
11,3,17.8,99.0,1.0,0.0,0
11,3,15.8,98.0,0.0,0.0,0
11,3,14.5,99.0,1.0,0.0,0
11,3,14.2,99.0,0.0,0.0,0
11,3,14.4,98.0,0.0,0.0,0
11,3,15.0,97.0,0.0,0.0,0
11,3,16.7,98.0,1.0,0.0,0
11,3,16.6,97.0,0.0,0.0,0
11,3,17.5,97.0,0.0,0.0,0
11,3,18.6,95.0,0.0,0.0,0
11,3,18.9,94.0,1.0,0.0,0
11,2,20.0,89.0,1.0,0.0,0
11,2,20.8,84.0,0.0,0.0,0
11,2,21.3,82.0,0.0,0.0,0
11,2,21.5,80.0,2.0,0.0,0
11,2,22.4,74.0,1.0,0.0,0
11,2,21.9,77.0,1.0,0.0,0
11,2,22.9,69.0,1.0,0.0,0
11,2,24.7,60.0,1.0,0.0,0
11,2,25.5,66.0,1.0,0.0,0
11,2,24.4,71.0,0.0,0.0,0
11,2,22.8,79.0,0.0,0.0,0
11,2,21.2,82.0,0.0,0.0,0
11,2,19.6,88.0,0.0,0.0,0
11,2,18.0,91.0,0.0,0.0,0
11,2,16.5,97.0,0.0,0.0,0
11,2,15.7,96.0,1.0,0.0,0
11,2,15.8,94.0,0.0,0.0,0
11,2,16.2,94.0,1.0,0.0,0
11,2,16.3,94.0,0.0,0.0,0
11,2,16.5,94.0,1.0,0.0,0
11,2,17.4,91.0,1.0,0.0,0
11,2,17.9,84.0,0.0,0.0,0
11,2,18.0,84.0,2.0,0.0,0
11,1,18.7,82.0,0.0,0.0,0
11,1,17.9,87.0,2.0,0.0,0
11,1,20.8,73.0,2.0,0.0,0
11,1,21.4,71.0,2.0,0.0,0
11,1,21.8,68.0,5.0,0.0,0
11,1,21.5,70.0,3.0,0.0,0
11,1,22.2,66.0,4.0,0.0,0
11,1,23.4,62.0,4.0,0.0,0
11,1,24.5,63.0,4.0,0.0,0
11,1,24.7,63.0,6.0,0.0,0
11,1,25.2,66.0,4.0,0.0,0
11,1,24.3,69.0,5.0,0.0,0
11,1,23.7,67.0,7.0,0.0,0
11,1,22.9,74.0,5.0,0.0,0
11,1,22.5,80.0,6.0,0.0,0
11,1,21.5,82.0,4.0,0.0,0
11,1,21.8,79.0,7.0,0.0,0
11,1,21.9,88.0,6.0,8.0,0
11,1,21.2,90.0,4.0,0.6,0
11,1,20.8,87.0,4.0,0.2,0
11,1,20.3,86.0,3.0,0.2,0
11,1,20.1,86.0,5.0,0.0,0
11,1,20.2,84.0,7.0,0.0,0
11,1,20.3,80.0,8.0,7.0,0
11,7,20.6,98.0,1.0,2.0,0
11,7,20.5,98.0,1.0,0.3,0
11,7,20.8,97.0,1.0,4.0,0
11,7,21.1,97.0,1.0,0.8,0
11,7,21.3,91.0,1.0,2.0,0
11,7,22.8,80.0,1.0,0.6,0
11,7,23.9,73.0,1.0,0.0,0
11,7,24.5,68.0,1.0,0.0,0
11,7,24.9,63.0,1.0,0.0,0
11,7,25.4,66.0,2.0,0.0,0
11,7,26.5,58.0,2.0,0.0,0
11,7,24.9,66.0,2.0,0.0,0
11,7,24.0,75.0,1.0,0.0,0
11,7,23.6,73.0,1.0,0.0,0
11,7,21.2,88.0,1.0,0.0,0
11,7,20.7,87.0,4.0,0.0,0
11,7,20.5,91.0,2.0,0.0,0
11,7,21.4,90.0,3.0,4.0,0
11,7,22.4,91.0,2.0,0.0,0
11,7,23.5,97.0,1.0,0.0,0
11,7,23.9,94.0,1.0,0.0,0
11,7,24.1,95.0,2.0,0.2,0
11,7,24.0,98.0,3.0,0.2,0
11,7,23.8,97.0,4.0,4.0,0
11,6,23.7,96.0,7.0,0.5,0
11,6,23.5,95.0,8.0,0.0,0
11,6,23.2,95.0,7.0,7.0,0
11,6,22.4,95.0,6.0,1.0,0
11,6,22.2,95.0,5.0,0.8,0
11,6,22.3,94.0,5.0,5.0,0
11,6,22.1,94.0,3.0,2.0,0
11,6,22.7,90.0,4.0,2.0,0
11,6,23.6,83.0,6.0,0.0,0
11,6,23.2,91.0,4.0,0.0,0
11,6,22.6,94.0,5.0,0.5,0
11,6,22.8,92.0,6.0,0.3,0
11,6,23.4,88.0,6.0,0.0,0
11,6,21.9,96.0,5.0,0.0,0
11,6,21.5,98.0,4.0,0.0,0
11,6,21.2,98.0,4.0,0.3,0
11,6,21.1,98.0,4.0,0.0,0
11,6,21.2,97.0,4.0,1.0,0
11,6,21.4,96.0,4.0,0.1,0
11,6,21.4,97.0,4.0,0.0,0
11,6,21.4,95.0,4.0,0.2,0
11,6,21.5,94.0,4.0,0.0,0
11,6,21.3,95.0,4.0,0.2,0
11,6,21.3,95.0,4.0,0.6,0
11,5,21.1,95.0,4.0,0.0,0
11,5,20.8,97.0,4.0,0.0,0
11,5,21.1,94.0,5.0,2.0,0
11,5,20.3,95.0,2.0,0.3,0
11,5,21.1,85.0,1.0,0.0,0
11,5,21.1,90.0,2.0,1.0,0
11,5,21.6,85.0,3.0,0.1,0
11,5,22.1,82.0,1.0,0.1,0
11,5,22.5,85.0,1.0,0.2,0
11,5,22.6,80.0,2.0,0.0,0
11,5,22.2,79.0,3.0,0.1,0
11,5,23.3,76.0,3.0,0.1,0
11,5,22.6,79.0,3.0,0.0,0
11,5,22.2,83.0,1.0,0.0,0
11,5,20.6,97.0,1.0,0.0,0
11,5,19.4,96.0,0.0,0.0,0
11,5,19.2,97.0,2.0,0.1,0
11,5,19.7,96.0,1.0,5.0,0
11,5,19.6,94.0,1.0,0.1,0
11,5,20.3,95.0,1.0,0.3,0
11,5,20.4,95.0,1.0,0.1,0
11,5,20.2,98.0,1.0,0.2,0
11,5,20.1,97.0,0.0,0.0,0
11,5,20.4,97.0,1.0,4.0,0
11,4,20.4,98.0,0.0,0.0,0
11,4,20.4,97.0,0.0,0.0,0
11,4,20.4,97.0,0.0,13.0,0
11,4,20.6,95.0,0.0,0.7,0
11,4,20.9,95.0,1.0,3.0,0
11,4,20.9,94.0,2.0,9.0,0
11,4,21.0,95.0,2.0,0.0,0
11,4,22.7,88.0,4.0,2.0,0
11,4,22.8,82.0,2.0,1.0,0
11,4,23.4,79.0,3.0,0.3,0
11,4,22.3,87.0,6.0,0.5,0
11,4,23.4,79.0,5.0,0.0,0
11,4,22.8,83.0,4.0,0.0,0
11,4,21.4,94.0,3.0,0.0,0
11,4,20.6,97.0,3.0,0.0,0
11,4,19.8,97.0,3.0,0.0,0
11,4,20.3,91.0,5.0,0.0,0
11,4,19.9,98.0,3.0,5.0,0
11,4,19.9,98.0,4.0,0.0,0
11,4,19.9,99.0,3.0,0.5,0
11,4,19.8,98.0,3.0,0.1,0
11,4,19.8,97.0,2.0,0.4,0
11,4,19.8,97.0,3.0,0.0,0
11,4,20.1,95.0,2.0,3.0,0
11,3,20.2,95.0,2.0,0.0,0
11,3,20.2,97.0,1.0,0.3,0
11,3,19.8,97.0,3.0,8.0,0
11,3,19.2,97.0,2.0,0.0,0
11,3,20.1,85.0,2.0,3.0,0
11,3,20.1,93.0,2.0,5.0,0
11,3,21.4,87.0,3.0,0.6,0
11,3,23.0,78.0,4.0,0.0,0
11,3,24.3,70.0,5.0,0.0,0
11,3,23.0,89.0,5.0,0.2,0
11,3,23.0,82.0,3.0,0.5,0
11,3,22.4,83.0,5.0,2.0,0
11,3,24.5,76.0,2.0,0.0,0
11,3,21.8,87.0,3.0,1.0,0
11,3,21.4,88.0,2.0,0.4,0
11,3,21.5,90.0,3.0,0.5,0
11,3,21.5,87.0,2.0,0.0,0
11,3,21.4,90.0,2.0,2.0,0
11,3,20.9,95.0,1.0,0.9,0
11,3,20.7,95.0,1.0,0.2,0
11,3,20.8,95.0,2.0,0.2,0
11,3,20.6,91.0,2.0,0.0,0
11,3,21.8,81.0,2.0,0.0,0
11,3,22.2,79.0,3.0,0.3,0
11,2,23.0,80.0,2.0,0.0,0
11,2,23.2,82.0,3.0,0.0,0
11,2,23.3,84.0,2.0,0.3,0
11,2,23.0,85.0,2.0,0.3,0
11,2,23.3,84.0,2.0,0.0,0
11,2,23.4,80.0,3.0,0.0,0
11,2,23.8,78.0,4.0,0.0,0
11,2,24.3,76.0,3.0,0.0,0
11,2,25.1,73.0,2.0,0.0,0
11,2,24.4,75.0,2.0,0.0,0
11,2,26.1,68.0,3.0,0.0,0
11,2,25.6,73.0,4.0,0.0,0
11,2,24.8,77.0,4.0,0.0,0
11,2,23.0,86.0,3.0,0.0,0
11,2,23.1,87.0,2.0,0.0,0
11,2,22.9,90.0,2.0,0.0,0
11,2,22.8,89.0,3.0,0.0,0
11,2,22.6,93.0,1.0,7.0,0
11,2,22.2,93.0,1.0,0.3,0
11,2,22.4,90.0,1.0,6.0,0
11,2,22.5,97.0,1.0,0.1,0
11,2,23.8,92.0,1.0,0.0,0
11,2,24.2,87.0,1.0,0.0,0
11,2,23.4,90.0,0.0,0.0,0
11,1,23.6,89.0,1.0,0.0,0
11,1,24.0,86.0,1.0,0.0,0
11,1,24.8,85.0,2.0,0.0,0
11,1,24.9,85.0,1.0,0.0,0
11,1,25.1,82.0,2.0,0.0,0
11,1,24.9,85.0,1.0,0.0,0
11,1,25.3,81.0,1.0,0.0,0
11,1,26.8,81.0,0.0,0.0,0
11,1,26.1,82.0,1.0,0.0,0
11,1,25.8,78.0,1.0,0.0,0
11,1,25.8,79.0,1.0,0.0,0
11,1,25.2,85.0,0.0,0.0,0
11,1,24.7,87.0,0.0,0.0,0
11,1,24.5,87.0,1.0,0.0,0
11,1,24.1,94.0,1.0,0.0,0
11,1,23.6,94.0,0.0,0.0,0
11,1,23.7,95.0,1.0,0.0,0
11,1,23.7,97.0,1.0,0.0,0
11,1,23.8,98.0,0.0,0.0,0
11,1,23.9,97.0,1.0,5.0,0
11,1,24.3,97.0,0.0,6.0,0
11,7,24.3,97.0,1.0,2.0,0
11,7,24.4,97.0,1.0,1.0,0
11,7,24.8,94.0,0.0,0.8,0
11,7,24.9,91.0,0.0,0.1,0
11,7,25.5,85.0,1.0,0.1,0
11,7,25.8,84.0,1.0,0.4,0
11,7,25.4,94.0,1.0,0.0,0
11,7,26.3,83.0,1.0,0.0,0
11,7,26.5,80.0,3.0,0.0,0
11,7,27.2,74.0,2.0,0.0,0
11,7,27.3,74.0,1.0,0.0,0
11,7,26.4,76.0,3.0,0.0,0
11,7,26.2,76.0,3.0,0.0,0
11,7,25.7,79.0,4.0,0.0,0
11,7,24.7,81.0,1.0,0.0,0
11,7,24.3,82.0,3.0,0.0,0
11,7,24.2,82.0,2.0,0.0,0
11,7,24.4,82.0,3.0,0.0,0
11,7,24.6,82.0,3.0,0.0,0
11,7,24.7,83.0,2.0,0.0,0
11,7,24.5,85.0,2.0,0.0,0
11,7,24.5,85.0,2.0,0.0,0
11,7,24.8,85.0,2.0,0.0,0
11,6,25.0,85.0,2.0,0.0,0
11,6,25.2,85.0,2.0,0.0,0
11,6,25.8,83.0,2.0,0.0,0
11,6,25.8,84.0,2.0,0.0,0
11,6,26.6,79.0,2.0,0.0,0
11,6,26.7,80.0,2.0,0.0,0
11,6,27.3,77.0,2.0,0.0,0
11,6,28.4,74.0,2.0,0.0,0
11,6,28.7,73.0,3.0,0.0,0
11,6,30.3,64.0,3.0,0.0,0
11,6,29.5,72.0,4.0,0.0,0
11,6,28.8,74.0,2.0,0.0,0
11,6,27.2,79.0,3.0,0.0,0
11,6,25.9,84.0,1.0,0.0,0
11,6,24.2,89.0,1.0,0.0,0
11,6,23.0,92.0,2.0,0.0,0
11,6,23.0,93.0,2.0,0.0,0
11,6,23.7,91.0,2.0,0.0,0
11,6,23.8,93.0,2.0,0.0,0
11,6,24.6,91.0,1.0,0.0,0
11,6,23.7,94.0,1.0,0.0,0
11,6,24.2,94.0,0.0,0.0,0
11,6,24.2,94.0,1.0,0.0,0
11,6,25.2,91.0,2.0,0.0,0
11,5,25.9,87.0,1.0,0.0,0
11,5,26.1,86.0,0.0,0.0,0
11,5,26.3,85.0,1.0,0.0,0
11,5,25.9,87.0,2.0,0.0,0
11,5,26.8,83.0,1.0,0.0,0
11,5,27.1,82.0,1.0,0.0,0
11,5,27.8,79.0,3.0,0.0,0
11,5,28.8,74.0,2.0,0.0,0
11,5,29.0,73.0,2.0,0.0,0
11,5,28.4,76.0,1.0,0.0,0
11,5,28.3,77.0,2.0,0.0,0
11,5,28.3,78.0,2.0,0.0,0
11,5,26.7,83.0,1.0,0.0,0
11,5,24.9,88.0,1.0,0.0,0
11,5,24.2,89.0,2.0,0.0,0
11,5,23.8,89.0,2.0,0.0,0
11,5,23.4,90.0,1.0,0.0,0
11,5,23.7,89.0,0.0,0.0,0
11,5,23.8,88.0,1.0,0.0,0
11,5,24.8,85.0,1.0,0.0,0
11,5,24.9,85.0,1.0,0.0,0
11,5,24.8,85.0,1.0,0.0,0
11,5,24.4,89.0,1.0,0.0,0
11,4,25.9,82.0,0.0,0.0,0
11,4,27.0,79.0,1.0,0.0,0
11,4,26.5,81.0,0.0,0.0,0
11,4,27.3,77.0,2.0,0.0,0
11,4,26.9,78.0,2.0,0.0,0
11,4,27.8,76.0,1.0,0.0,0
11,4,28.7,72.0,2.0,0.0,0
11,4,29.8,68.0,3.0,0.0,0
11,4,29.9,71.0,2.0,0.0,0
11,4,30.4,69.0,3.0,0.0,0
11,4,30.0,71.0,3.0,0.0,0
11,4,29.0,72.0,2.0,0.0,0
11,4,28.8,75.0,2.0,0.0,0
11,4,26.2,87.0,1.0,0.1,0
11,4,25.5,91.0,1.0,0.0,0
11,4,25.0,92.0,1.0,0.3,0
11,4,24.6,94.0,0.0,2.0,0
11,4,24.8,92.0,1.0,1.0,0
11,4,25.4,86.0,2.0,0.0,0
11,4,25.1,86.0,1.0,0.0,0
11,4,25.1,88.0,1.0,0.0,0
11,4,24.8,89.0,2.0,0.0,0
11,4,24.9,88.0,2.0,0.0,0
11,3,25.1,86.0,2.0,0.0,0
11,3,24.8,86.0,3.0,0.0,0
11,3,24.6,87.0,2.0,0.0,0
11,3,24.0,88.0,2.0,0.0,0
11,3,23.9,89.0,1.0,0.0,0
11,3,24.4,87.0,3.0,0.0,0
11,3,25.0,85.0,2.0,0.0,0
11,3,26.1,82.0,5.0,0.0,0
11,3,26.2,87.0,4.0,0.0,0
11,3,26.1,88.0,3.0,0.0,0
11,3,26.0,86.0,1.0,0.0,0
11,3,24.7,91.0,0.0,0.0,0
11,3,24.5,90.0,1.0,0.0,0
11,3,23.6,94.0,0.0,0.0,0
11,3,21.7,97.0,0.0,0.0,0
11,3,19.6,97.0,0.0,0.0,0
11,3,21.1,94.0,1.0,0.0,0
11,3,21.9,96.0,0.0,0.1,0
11,3,22.2,96.0,0.0,0.1,0
11,3,21.6,98.0,0.0,0.0,0
11,3,19.9,99.0,1.0,0.0,0
11,3,18.2,99.0,0.0,0.0,0
11,3,18.9,98.0,0.0,0.0,0
11,3,20.0,98.0,1.0,0.0,0
11,2,21.2,98.0,0.0,0.0,0
11,2,22.0,98.0,0.0,0.0,0
11,2,22.4,97.0,0.0,0.0,0
11,2,23.5,95.0,0.0,0.0,0
11,2,24.4,90.0,0.0,0.0,0
11,2,25.1,88.0,3.0,0.0,0
11,2,26.6,81.0,3.0,0.0,0
11,2,28.4,71.0,2.0,0.0,0
11,2,29.6,68.0,2.0,0.0,0
11,2,29.0,67.0,2.0,0.0,0
11,2,28.1,67.0,2.0,0.0,0
11,2,26.0,76.0,2.0,0.0,0
11,2,21.4,88.0,1.0,0.0,0
11,2,22.5,87.0,0.0,0.0,0
11,2,18.7,98.0,0.0,0.0,0
11,2,14.9,99.0,1.0,0.0,0
11,2,14.8,98.0,0.0,0.0,0
11,2,14.8,98.0,1.0,0.0,0
11,2,15.2,99.0,0.0,0.0,0
11,2,15.8,98.0,0.0,0.0,0
11,2,17.1,98.0,1.0,0.0,0
11,2,16.5,98.0,0.0,0.0,0
11,2,18.3,98.0,0.0,0.0,0
11,1,18.4,96.0,0.0,0.0,0
11,1,19.8,97.0,2.0,0.0,0
11,1,20.6,95.0,1.0,0.0,0
11,1,21.2,94.0,0.0,0.0,0
11,1,22.7,86.0,0.0,0.0,0
11,1,23.3,83.0,1.0,0.1,0
11,1,24.5,77.0,2.0,0.0,0
11,1,26.0,71.0,1.0,0.0,0
11,1,26.0,67.0,1.0,0.0,0
11,1,25.7,76.0,1.0,0.0,0
11,1,25.0,77.0,1.0,0.0,0
11,1,23.2,86.0,0.0,0.1,0
11,1,22.1,92.0,1.0,0.0,0
11,1,21.0,98.0,0.0,0.0,0
11,1,20.2,99.0,1.0,0.0,0
11,1,19.8,99.0,1.0,0.0,0
11,1,19.4,99.0,0.0,0.1,0
11,1,19.4,97.0,1.0,12.0,0
11,1,20.6,95.0,2.0,0.0,0
11,1,21.0,94.0,1.0,0.0,0
11,1,21.4,98.0,2.0,0.0,0
11,1,21.2,98.0,1.0,0.1,0
11,1,21.5,99.0,1.0,0.3,0
11,1,21.5,98.0,1.0,12.0,0
11,7,21.9,98.0,1.0,1.0,0
11,7,22.8,99.0,0.0,1.0,0
11,7,22.7,99.0,0.0,2.0,0
11,7,22.8,98.0,1.0,4.0,0
11,7,22.8,98.0,0.0,3.0,0
11,7,23.0,97.0,2.0,4.0,0
11,7,23.4,97.0,1.0,4.0,0
11,7,23.4,94.0,1.0,3.0,0
11,7,24.4,97.0,1.0,0.9,0
11,7,24.8,93.0,0.0,1.0,0
11,7,24.9,92.0,4.0,7.0,0
11,7,25.8,97.0,3.0,4.0,0
11,7,25.3,97.0,5.0,1.0,0
11,7,25.0,98.0,3.0,3.0,0
11,7,25.1,96.0,2.0,4.0,0
11,7,25.7,90.0,4.0,0.9,0
11,7,26.4,84.0,5.0,0.0,0
11,7,25.9,84.0,5.0,0.0,0
11,7,24.9,90.0,3.0,0.0,0
11,7,24.9,88.0,3.0,0.0,0
11,7,25.6,84.0,5.0,0.0,0
11,7,25.8,86.0,6.0,0.0,0
11,6,25.7,82.0,6.0,0.0,0
11,6,25.7,79.0,5.0,0.0,0
11,6,25.7,81.0,4.0,0.0,0
11,6,25.8,77.0,3.0,0.0,0
11,6,26.0,76.0,2.0,0.0,0
11,6,26.5,73.0,4.0,0.0,0
11,6,26.8,67.0,4.0,0.0,0
11,6,27.9,67.0,3.0,0.0,0
11,6,29.3,62.0,7.0,0.0,0
11,6,28.6,72.0,6.0,0.0,0
11,6,29.4,72.0,6.0,0.0,0
11,6,28.1,80.0,4.0,0.0,0
11,6,28.0,75.0,4.0,0.0,0
11,6,27.7,77.0,2.0,0.0,0
11,6,27.4,81.0,3.0,0.0,0
11,6,26.9,83.0,5.0,0.0,0
11,6,27.1,83.0,5.0,0.0,0
11,6,27.4,84.0,5.0,12.0,0
11,6,26.9,94.0,4.0,3.0,0
11,6,26.6,96.0,7.0,2.0,0
11,6,26.5,96.0,8.0,0.4,0
11,6,26.2,96.0,6.0,1.0,0
11,6,26.0,96.0,5.0,1.0,0
11,6,25.9,95.0,3.0,2.0,0
11,5,25.5,97.0,5.0,0.3,0
11,5,25.5,96.0,3.0,0.2,0
11,5,25.2,97.0,6.0,1.0,0
11,5,25.0,97.0,4.0,0.4,0
11,5,24.7,96.0,3.0,0.2,0
11,5,24.2,94.0,5.0,0.4,0
11,5,23.9,94.0,4.0,0.0,0
11,5,23.7,93.0,5.0,0.0,0
11,5,23.7,90.0,4.0,0.0,0
11,5,24.2,84.0,3.0,0.0,0
11,5,23.6,87.0,1.0,0.0,0
11,5,23.3,85.0,2.0,0.0,0
11,5,22.3,89.0,2.0,0.0,0
11,5,21.0,93.0,4.0,0.0,0
11,5,21.0,89.0,1.0,0.0,0
11,5,19.8,91.0,1.0,0.0,0
11,5,19.0,93.0,0.0,0.0,0
11,5,19.2,89.0,0.0,0.0,0
11,5,19.9,88.0,2.0,0.0,0
11,5,20.3,87.0,3.0,0.0,0
11,5,21.0,87.0,4.0,0.0,0
11,5,21.2,87.0,2.0,0.0,0
11,5,21.4,84.0,3.0,0.0,0
11,4,20.8,88.0,2.0,0.0,0
11,4,20.6,87.0,3.0,0.0,0
11,4,21.0,86.0,1.0,5.0,0
11,4,20.5,88.0,1.0,0.0,0
11,4,21.0,85.0,3.0,0.0,0
11,4,21.3,89.0,1.0,5.0,0
11,4,21.3,91.0,1.0,0.0,0
11,4,21.1,89.0,2.0,1.0,0
11,4,22.6,91.0,1.0,0.2,0
11,4,22.3,86.0,2.0,1.0,0
11,4,22.9,95.0,3.0,2.0,0
11,4,21.9,96.0,0.0,1.0,0
11,4,20.9,93.0,0.0,0.1,0
11,4,19.9,95.0,1.0,0.0,0
11,4,19.4,97.0,0.0,0.0,0
11,4,18.3,97.0,0.0,0.0,0
11,4,18.2,97.0,0.0,0.0,0
11,4,17.9,97.0,0.0,0.0,0
11,4,17.8,97.0,0.0,0.0,0
11,4,17.6,97.0,0.0,0.0,0
11,4,18.7,94.0,0.0,0.0,0
11,4,17.9,95.0,0.0,0.0,0
11,4,18.7,92.0,0.0,0.0,0
11,3,19.0,90.0,1.0,0.0,0
11,3,18.9,89.0,1.0,0.0,0
11,3,20.2,84.0,1.0,0.0,0
11,3,20.6,82.0,1.0,0.0,0
11,3,21.9,77.0,1.0,0.0,0
11,3,21.9,76.0,2.0,0.7,0
11,3,24.3,61.0,2.0,0.0,0
11,3,26.1,55.0,2.0,0.0,0
11,3,26.3,50.0,2.0,0.0,0
11,3,24.4,67.0,3.0,0.0,0
11,3,24.7,67.0,2.0,0.0,0
11,3,25.4,65.0,4.0,0.7,0
11,3,26.3,66.0,3.0,0.0,0
11,3,25.3,69.0,3.0,0.0,0
11,3,24.1,78.0,2.0,0.0,0
11,3,22.0,92.0,1.0,0.0,0
11,3,22.0,87.0,3.0,0.7,0
11,3,23.2,85.0,5.0,16.0,0
11,3,22.8,88.0,4.0,0.9,0
11,3,23.4,89.0,4.0,0.7,0
11,3,23.6,88.0,4.0,0.8,0
11,3,24.0,89.0,2.0,0.9,0
11,3,24.2,91.0,4.0,5.0,0
11,3,24.1,96.0,8.0,8.0,0
11,2,24.2,95.0,8.0,2.0,0
11,2,24.4,93.0,7.0,0.7,0
11,2,24.3,92.0,7.0,2.0,0
11,2,24.2,94.0,5.0,0.0,0
11,2,24.1,94.0,6.0,0.1,0
11,2,23.8,94.0,6.0,2.0,0
11,2,23.8,95.0,7.0,0.3,0
11,2,23.8,94.0,5.0,0.6,0
11,2,23.7,94.0,4.0,0.2,0
11,2,23.2,97.0,4.0,0.1,0
11,2,22.8,97.0,4.0,0.2,0
11,2,22.4,96.0,3.0,0.6,0
11,2,22.1,93.0,4.0,0.0,0
11,2,22.0,92.0,5.0,0.2,0
11,2,21.6,95.0,4.0,0.2,0
11,2,21.1,93.0,2.0,0.1,0
11,2,21.7,84.0,2.0,0.0,0
11,2,21.7,84.0,4.0,3.0,0
11,2,21.4,86.0,3.0,0.0,0
11,2,21.3,87.0,5.0,0.0,0
11,2,21.1,88.0,2.0,0.3,0
11,2,20.8,90.0,3.0,0.1,0
11,2,20.7,90.0,2.0,0.3,0
11,2,20.9,87.0,3.0,2.0,0
11,1,21.0,81.0,3.0,0.0,0
11,1,21.3,87.0,6.0,0.6,0
11,1,21.6,89.0,5.0,4.0,0
11,1,21.6,88.0,5.0,0.5,0
11,1,21.7,88.0,3.0,0.2,0
11,1,22.2,85.0,2.0,4.0,0
11,1,22.5,86.0,2.0,0.0,0
11,1,23.0,83.0,1.0,0.0,0
11,1,21.3,90.0,1.0,0.1,0
11,1,20.6,91.0,2.0,1.0,0
11,1,20.1,93.0,3.0,2.0,0
11,1,21.1,87.0,4.0,0.8,0
11,1,22.6,83.0,3.0,0.0,0
11,1,22.7,87.0,1.0,0.3,0
11,1,20.8,95.0,0.0,0.5,0
11,1,20.6,97.0,1.0,0.0,0
11,1,20.7,97.0,2.0,0.0,0
11,1,20.8,95.0,3.0,8.0,0
11,1,21.0,94.0,4.0,0.4,0
11,1,21.0,97.0,5.0,0.0,0
11,1,21.2,96.0,2.0,0.1,0
11,1,21.5,93.0,3.0,0.0,0
11,1,21.5,97.0,1.0,0.2,0
11,1,22.2,92.0,3.0,7.0,0
11,7,22.8,97.0,5.0,1.0,0
11,7,22.7,98.0,2.0,2.0,0
11,7,22.6,99.0,4.0,16.0,0
11,7,22.6,99.0,4.0,0.6,0
11,7,22.5,99.0,4.0,0.4,0
11,7,22.5,99.0,3.0,13.0,0
11,7,22.8,99.0,2.0,5.0,0
11,7,22.9,99.0,1.0,3.0,0
11,7,23.0,98.0,2.0,1.0,0
11,7,22.6,98.0,1.0,1.0,0
11,7,22.3,99.0,1.0,0.2,0
11,7,21.6,99.0,1.0,0.4,0
11,7,20.9,99.0,2.0,0.0,0
11,7,20.1,99.0,1.0,0.0,0
11,7,18.9,99.0,0.0,0.1,0
11,7,18.2,99.0,0.0,0.0,0
11,7,18.3,99.0,0.0,0.0,0
11,7,17.9,98.0,0.0,0.0,0
11,7,17.5,98.0,0.0,0.0,0
11,7,19.1,97.0,0.0,0.0,0
11,7,19.9,97.0,1.0,0.0,0
11,7,20.6,96.0,1.0,0.0,0
11,7,20.8,97.0,1.0,0.0,0
11,6,22.0,94.0,0.0,0.0,0
11,6,23.4,86.0,2.0,0.0,0
11,6,23.2,89.0,1.0,0.0,0
11,6,24.9,83.0,0.0,0.0,0
11,6,26.8,72.0,0.0,0.0,0
11,6,28.5,64.0,0.0,0.0,0
11,6,28.1,66.0,2.0,0.0,0
11,6,30.4,59.0,3.0,0.0,0
11,6,31.7,56.0,2.0,0.0,0
11,6,30.9,58.0,3.0,0.0,0
11,6,30.3,61.0,2.0,0.0,0
11,6,28.6,64.0,2.0,0.0,0
11,6,26.5,72.0,2.0,0.0,0
11,6,22.8,88.0,0.0,0.0,0
11,6,20.3,94.0,1.0,0.0,0
11,6,18.3,98.0,0.0,0.0,0
11,6,18.9,97.0,0.0,0.0,0
11,6,20.0,94.0,0.0,0.0,0
11,6,20.6,95.0,0.0,0.0,0
11,6,22.9,86.0,0.0,0.0,0
11,6,22.6,89.0,0.0,0.0,0
11,6,23.3,89.0,0.0,0.0,0
11,6,24.3,85.0,0.0,0.0,0
11,5,25.4,84.0,1.0,0.0,0
11,5,25.7,87.0,0.0,0.0,0
11,5,26.6,83.0,1.0,0.1,0
11,5,27.3,80.0,1.0,0.0,0
11,5,28.0,76.0,1.0,0.0,0
11,5,29.2,71.0,3.0,0.1,0
11,5,30.8,64.0,3.0,0.0,0
11,5,32.8,58.0,3.0,0.0,0
11,5,33.9,52.0,2.0,0.0,0
11,5,34.0,53.0,2.0,0.0,0
11,5,33.1,58.0,2.0,0.0,0
11,5,32.3,64.0,3.0,0.1,0
11,5,31.8,68.0,3.0,0.0,0
11,5,30.6,75.0,3.0,0.0,0
11,5,28.8,82.0,2.0,0.0,0
11,5,27.6,88.0,2.0,0.0,0
11,5,26.4,90.0,3.0,0.0,0
11,5,26.5,91.0,4.0,0.8,0
11,5,26.1,94.0,2.0,0.1,0
11,5,25.1,94.0,2.0,0.0,0
11,5,24.9,97.0,1.0,0.2,0
11,5,24.1,98.0,1.0,0.1,0
11,5,23.5,98.0,3.0,0.0,0
11,5,23.3,98.0,2.0,0.4,0
11,4,23.2,98.0,2.0,0.1,0
11,4,23.2,98.0,2.0,0.1,0
11,4,23.4,93.0,2.0,0.0,0
11,4,24.1,87.0,2.0,0.0,0
11,4,24.7,83.0,2.0,0.0,0
11,4,26.0,70.0,1.0,0.0,0
11,4,26.5,65.0,3.0,0.0,0
11,4,27.3,57.0,4.0,0.0,0
11,4,28.7,51.0,4.0,0.0,0
11,4,28.2,52.0,3.0,0.0,0
11,4,27.0,62.0,1.0,0.0,0
11,4,23.2,73.0,0.0,0.0,0
11,4,21.6,78.0,1.0,0.0,0
11,4,18.1,93.0,0.0,0.0,0
11,4,16.4,95.0,1.0,0.0,0
11,4,15.8,97.0,0.0,0.0,0
11,4,16.2,97.0,0.0,0.0,0
11,4,17.1,93.0,1.0,0.0,0
11,4,15.6,95.0,0.0,0.0,0
11,4,16.9,97.0,0.0,0.0,0
11,4,18.7,88.0,1.0,0.0,0
11,4,18.4,91.0,1.0,0.0,0
10,3,19.4,85.0,0.0,0.0,0
10,3,21.1,78.0,1.0,0.0,0
10,3,21.6,75.0,2.0,0.0,0
10,3,22.0,75.0,2.0,0.0,0
10,3,22.8,70.0,2.0,0.0,0
10,3,23.6,68.0,3.0,0.0,0
10,3,24.5,63.0,3.0,0.0,0
10,3,25.9,56.0,2.0,0.0,0
10,3,27.6,50.0,2.0,0.0,0
10,3,26.2,58.0,1.0,0.0,0
10,3,26.2,71.0,3.0,0.0,0
10,3,23.5,87.0,2.0,0.0,0
10,3,22.1,90.0,1.0,0.0,0
10,3,20.4,92.0,1.0,0.0,0
10,3,17.1,91.0,1.0,0.0,0
10,3,20.3,91.0,2.0,0.0,0
10,3,20.3,93.0,2.0,0.4,0
10,3,19.8,96.0,1.0,0.0,0
10,3,17.9,95.0,0.0,0.0,0
10,3,19.4,91.0,1.0,0.0,0
10,3,19.9,86.0,2.0,0.0,0
10,3,20.1,83.0,3.0,0.0,0
10,3,19.6,86.0,2.0,0.4,0
10,2,20.2,85.0,3.0,0.0,0
10,2,20.4,91.0,2.0,0.0,0
10,2,20.6,97.0,0.0,5.0,0
10,2,21.0,97.0,1.0,0.0,0
10,2,21.2,91.0,1.0,0.3,0
10,2,21.2,92.0,0.0,6.0,0
10,2,21.5,92.0,1.0,0.4,0
10,2,22.3,94.0,1.0,0.6,0
10,2,22.6,92.0,1.0,3.0,0
10,2,22.4,92.0,2.0,0.3,0
10,2,24.0,79.0,1.0,0.0,0
10,2,23.3,88.0,1.0,1.0,0
10,2,22.1,92.0,2.0,0.0,0
10,2,20.8,97.0,2.0,0.1,0
10,2,19.9,98.0,1.0,0.4,0
10,2,19.3,98.0,1.0,0.4,0
10,2,18.9,98.0,1.0,0.2,0
10,2,18.8,98.0,2.0,8.0,0
10,2,19.3,98.0,2.0,1.0,0
10,2,19.7,98.0,1.0,2.0,0
10,2,19.7,98.0,1.0,2.0,0
10,2,19.4,97.0,1.0,2.0,0
10,2,19.1,97.0,2.0,1.0,0
10,2,19.3,92.0,3.0,0.2,0
10,1,19.3,88.0,2.0,0.0,0
10,1,19.7,82.0,2.0,0.0,0
10,1,20.6,74.0,4.0,0.0,0
10,1,21.3,66.0,4.0,0.0,0
10,1,21.9,62.0,2.0,0.0,0
10,1,22.2,58.0,2.0,0.0,0
10,1,23.1,55.0,3.0,0.0,0
10,1,23.8,48.0,3.0,0.0,0
10,1,24.0,44.0,6.0,0.0,0
10,1,24.7,45.0,3.0,0.0,0
10,1,24.1,44.0,5.0,0.0,0
10,1,24.1,50.0,6.0,0.0,0
10,1,23.8,48.0,5.0,0.0,0
10,1,22.5,50.0,5.0,0.0,0
10,1,21.6,56.0,4.0,0.0,0
10,1,19.7,67.0,3.0,0.0,0
10,1,17.8,77.0,4.0,0.0,0
10,1,17.8,76.0,4.0,0.0,0
10,1,17.5,80.0,5.0,0.0,0
10,1,17.6,81.0,3.0,0.0,0
10,1,18.2,74.0,6.0,0.0,0
10,1,17.7,75.0,4.0,0.0,0
10,1,18.1,69.0,3.0,0.0,0
10,7,19.2,62.0,6.0,0.0,0
10,7,18.6,67.0,4.0,0.0,0
10,7,18.8,67.0,4.0,0.0,0
10,7,19.2,65.0,3.0,0.0,0
10,7,20.5,55.0,2.0,0.0,0
10,7,21.5,52.0,5.0,0.0,0
10,7,22.6,46.0,5.0,0.0,0
10,7,24.1,40.0,4.0,0.0,0
10,7,24.8,37.0,6.0,0.0,0
10,7,23.8,41.0,4.0,0.0,0
10,7,23.8,42.0,3.0,0.0,0
10,7,23.7,42.0,5.0,0.0,0
10,7,22.5,48.0,4.0,0.0,0
10,7,22.6,48.0,8.0,0.0,0
10,7,20.7,56.0,2.0,0.0,0
10,7,19.4,62.0,2.0,0.0,0
10,7,18.8,64.0,3.0,0.0,0
10,7,18.2,65.0,3.0,0.0,0
10,7,18.7,64.0,3.0,0.0,0
10,7,18.1,68.0,3.0,0.0,0
10,7,18.6,67.0,3.0,0.0,0
10,7,18.6,69.0,1.0,0.0,0
10,7,18.6,69.0,2.0,0.0,0
10,6,18.6,70.0,4.0,0.0,0
10,6,18.9,68.0,3.0,0.0,0
10,6,19.6,57.0,3.0,0.0,0
10,6,19.5,58.0,5.0,0.0,0
10,6,20.3,55.0,2.0,0.0,0
10,6,20.7,56.0,8.0,0.0,0
10,6,21.6,65.0,6.0,0.0,0
10,6,24.6,52.0,4.0,0.0,0
10,6,25.4,45.0,7.0,0.0,0
10,6,26.3,36.0,7.0,0.0,0
10,6,27.0,32.0,4.0,0.0,0
10,6,26.9,38.0,3.0,0.0,0
10,6,26.0,48.0,1.0,0.0,0
10,6,24.0,57.0,1.0,0.0,0
10,6,22.4,65.0,1.0,0.0,0
10,6,21.8,68.0,1.0,0.0,0
10,6,24.5,71.0,1.0,0.0,0
10,6,24.9,74.0,2.0,0.0,0
10,6,25.4,77.0,2.0,0.0,0
10,6,23.2,89.0,0.0,0.0,0
10,6,25.4,78.0,1.0,0.0,0
10,6,25.9,75.0,1.0,0.0,0
10,5,26.5,75.0,0.0,0.0,0
10,5,28.2,66.0,0.0,0.0,0
10,5,28.5,65.0,1.0,0.0,0
10,5,29.1,63.0,2.0,0.0,0
10,5,30.1,55.0,1.0,0.0,0
10,5,31.4,50.0,1.0,0.0,0
10,5,32.2,52.0,2.0,0.0,0
10,5,32.9,51.0,2.0,0.0,0
10,5,33.5,49.0,2.0,0.0,0
10,5,31.9,58.0,1.0,0.0,0
10,5,30.0,61.0,2.0,0.0,0
10,5,28.8,67.0,0.0,0.0,0
10,5,27.0,72.0,0.0,0.0,0
10,5,25.6,77.0,1.0,0.0,0
10,5,23.3,84.0,0.0,0.0,0
10,5,22.1,88.0,1.0,0.0,0
10,5,22.0,86.0,1.0,0.0,0
10,5,22.9,82.0,1.0,0.0,0
10,5,22.2,84.0,1.0,0.0,0
10,5,22.0,85.0,1.0,0.0,0
10,5,23.3,84.0,0.0,0.0,0
10,5,23.4,82.0,0.0,0.0,0
10,5,23.6,81.0,0.0,0.0,0
10,4,25.0,70.0,0.0,0.0,0
10,4,25.4,74.0,0.0,0.0,0
10,4,27.3,63.0,0.0,0.0,0
10,4,28.5,61.0,0.0,0.0,0
10,4,29.4,57.0,0.0,0.0,0
10,4,31.2,48.0,2.0,0.0,0
10,4,33.5,38.0,4.0,0.0,0
10,4,35.0,34.0,2.0,0.0,0
10,4,35.7,33.0,3.0,0.0,0
10,4,35.6,31.0,2.0,0.0,0
10,4,36.0,32.0,2.0,0.0,0
10,4,34.7,37.0,2.0,0.0,0
10,4,32.7,45.0,2.0,0.0,0
10,4,28.9,58.0,1.0,0.0,0
10,4,24.3,64.0,1.0,0.0,0
10,4,22.0,70.0,0.0,0.0,0
10,4,18.9,82.0,0.0,0.0,0
10,4,20.3,75.0,0.0,0.0,0
10,4,21.1,70.0,0.0,0.0,0
10,4,22.3,64.0,1.0,0.0,0
10,4,21.1,69.0,1.0,0.0,0
10,4,26.3,43.0,0.0,0.0,0
10,4,27.2,39.0,0.0,0.0,0
10,3,26.6,44.0,0.0,0.0,0
10,3,27.6,41.0,0.0,0.0,0
10,3,28.1,38.0,2.0,0.0,0
10,3,29.5,37.0,1.0,0.0,0
10,3,32.0,25.0,1.0,0.0,0
10,3,34.0,18.0,1.0,0.0,0
10,3,36.0,17.0,1.0,0.0,0
10,3,37.9,14.0,3.0,0.0,0
10,3,38.1,12.0,3.0,0.0,0
10,3,39.1,13.0,3.0,0.0,0
10,3,37.4,14.0,4.0,0.0,0
10,3,36.3,18.0,2.0,0.0,0
10,3,34.2,27.0,1.0,0.0,0
10,3,30.3,52.0,1.0,0.0,0
10,3,22.3,77.0,0.0,0.0,0
10,3,19.6,92.0,0.0,0.0,0
10,3,20.4,88.0,0.0,0.0,0
10,3,22.4,79.0,0.0,0.0,0
10,3,23.3,74.0,0.0,0.0,0
10,3,22.5,80.0,1.0,0.0,0
10,3,26.4,59.0,0.0,0.0,0
10,3,27.0,60.0,1.0,0.0,0
10,2,28.0,58.0,0.0,0.0,0
10,2,28.1,58.0,1.0,0.0,0
10,2,28.8,54.0,1.0,0.0,0
10,2,29.3,53.0,2.0,0.0,0
10,2,30.3,49.0,2.0,0.0,0
10,2,32.8,41.0,1.0,0.0,0
10,2,34.2,38.0,2.0,0.0,0
10,2,35.2,36.0,1.0,0.0,0
10,2,35.3,36.0,2.0,0.0,0
10,2,35.3,36.0,3.0,0.0,0
10,2,34.1,39.0,3.0,0.0,0
10,2,33.8,40.0,4.0,0.0,0
10,2,31.1,46.0,4.0,0.0,0
10,2,29.6,57.0,1.0,0.0,0
10,2,26.9,67.0,2.0,0.0,0
10,2,25.0,69.0,1.0,0.0,0
10,2,23.8,71.0,2.0,0.0,0
10,2,23.2,75.0,2.0,0.0,0
10,2,23.2,76.0,1.0,0.0,0
10,2,23.7,73.0,1.0,0.0,0
10,2,24.0,73.0,2.0,0.0,0
10,2,25.1,63.0,1.0,0.0,0
10,2,25.1,55.0,4.0,0.0,0
10,1,26.1,49.0,3.0,0.0,0
10,1,28.0,51.0,2.0,0.0,0
10,1,28.7,43.0,2.0,0.0,0
10,1,30.2,40.0,1.0,0.0,0
10,1,31.5,45.0,2.0,0.0,0
10,1,33.1,43.0,3.0,0.0,0
10,1,35.1,32.0,4.0,0.0,0
10,1,37.1,24.0,3.0,0.0,0
10,1,37.4,21.0,4.0,0.0,0
10,1,38.1,16.0,3.0,0.0,0
10,1,37.4,22.0,3.0,0.0,0
10,1,37.2,32.0,4.0,0.0,0
10,1,35.7,48.0,2.0,0.0,0
10,1,31.7,57.0,1.0,0.0,0
10,1,29.7,71.0,0.0,0.0,0
10,1,27.5,79.0,1.0,0.0,0
10,1,28.1,70.0,0.0,0.0,0
10,1,28.6,71.0,1.0,0.0,0
10,1,28.8,71.0,1.0,0.0,0
10,1,29.5,69.0,0.0,0.0,0
10,1,30.2,68.0,3.0,0.0,0
10,1,30.6,65.0,2.0,0.0,0
10,1,31.2,63.0,2.0,0.0,0
10,7,31.0,65.0,1.0,0.0,0
10,7,32.2,59.0,1.0,0.0,0
10,7,32.2,60.0,1.0,0.0,0
10,7,32.1,60.0,2.0,0.0,0
10,7,32.9,57.0,1.0,0.0,0
10,7,33.7,55.0,0.0,0.0,0
10,7,34.9,51.0,1.0,0.0,0
10,7,36.1,48.0,3.0,0.0,0
10,7,36.8,47.0,4.0,0.0,0
10,7,36.8,48.0,4.0,0.0,0
10,7,35.7,50.0,4.0,0.0,0
10,7,35.3,55.0,4.0,0.0,0
10,7,33.1,63.0,4.0,0.0,0
10,7,32.2,67.0,4.0,0.0,0
10,7,30.6,74.0,5.0,0.0,0
10,7,28.8,80.0,2.0,0.0,0
10,7,28.2,82.0,2.0,0.0,0
10,7,28.7,80.0,2.0,0.0,0
10,7,29.1,78.0,3.0,0.0,0
10,7,29.1,78.0,4.0,0.0,0
10,7,29.3,77.0,2.0,0.0,0
10,7,29.2,77.0,2.0,0.0,0
10,7,29.3,76.0,2.0,0.0,0
10,6,29.9,72.0,2.0,0.0,0
10,6,30.2,69.0,2.0,0.0,0
10,6,31.7,64.0,2.0,0.0,0
10,6,32.6,59.0,2.0,0.0,0
10,6,33.1,57.0,4.0,0.0,0
10,6,33.8,54.0,4.0,0.0,0
10,6,34.4,51.0,3.0,0.0,0
10,6,34.3,52.0,3.0,0.0,0
10,6,35.1,50.0,6.0,0.0,0
10,6,35.5,51.0,6.0,0.0,0
10,6,35.1,53.0,4.0,0.0,0
10,6,33.5,59.0,4.0,0.0,0
10,6,32.3,63.0,5.0,0.0,0
10,6,30.7,66.0,4.0,0.0,0
10,6,30.3,64.0,3.0,0.0,0
10,6,29.4,60.0,3.0,0.0,0
10,6,28.7,56.0,3.0,0.0,0
10,6,29.4,51.0,3.0,0.0,0
10,6,29.8,50.0,4.0,0.0,0
10,6,29.0,58.0,2.0,0.0,0
10,6,29.3,61.0,1.0,0.0,0
10,6,30.1,61.0,3.0,0.0,0
10,6,30.7,60.0,2.0,0.0,0
10,5,31.4,59.0,5.0,0.0,0
10,5,31.5,60.0,5.0,0.0,0
10,5,31.0,64.0,4.0,0.0,0
10,5,32.0,61.0,5.0,0.0,0
10,5,32.7,59.0,4.0,0.0,0
10,5,33.5,57.0,4.0,0.0,0
10,5,34.4,56.0,5.0,0.0,0
10,5,35.2,51.0,4.0,0.0,0
10,5,35.4,50.0,4.0,0.0,0
10,5,36.1,48.0,3.0,0.0,0
10,5,36.1,47.0,4.0,0.0,0
10,5,36.1,47.0,4.0,0.0,0
10,5,34.2,51.0,4.0,0.0,0
10,5,33.6,52.0,6.0,0.0,0
10,5,32.2,52.0,4.0,0.0,0
10,5,30.6,60.0,1.0,0.0,0
10,5,29.9,57.0,1.0,0.0,0
10,5,28.6,65.0,2.0,0.0,0
10,5,28.6,67.0,2.0,0.0,0
10,5,26.2,80.0,2.0,0.0,0
10,5,27.2,75.0,2.0,0.0,0
10,5,28.6,69.0,2.0,0.0,0
10,5,27.9,72.0,2.0,0.0,0
10,4,28.2,70.0,2.0,0.0,0
10,4,28.9,66.0,1.0,0.0,0
10,4,29.7,63.0,2.0,0.0,0
10,4,29.6,66.0,2.0,0.0,0
10,4,30.2,65.0,2.0,0.0,0
10,4,31.1,62.0,3.0,0.0,0
10,4,32.6,55.0,5.0,0.0,0
10,4,35.1,45.0,4.0,0.0,0
10,4,35.5,49.0,3.0,0.0,0
10,4,35.3,50.0,3.0,0.0,0
10,4,33.3,54.0,6.0,0.0,0
10,4,32.8,58.0,3.0,0.0,0
10,4,33.2,60.0,6.0,0.0,0
10,4,32.1,67.0,3.0,0.0,0
10,4,30.2,77.0,2.0,0.0,0
10,4,27.5,83.0,2.0,0.0,0
10,4,26.5,89.0,2.0,0.0,0
10,4,26.8,88.0,2.0,9.0,0
10,4,26.7,88.0,2.0,0.0,0
10,4,26.8,88.0,2.0,0.0,0
10,4,26.7,92.0,1.0,0.2,0
10,4,26.3,97.0,2.0,0.0,0
10,4,26.1,98.0,1.0,3.0,0
10,4,26.4,98.0,1.0,5.0,0
10,3,26.4,97.0,0.0,3.0,0
10,3,26.6,95.0,1.0,0.6,0
10,3,26.9,95.0,1.0,1.0,0
10,3,27.0,93.0,0.0,0.7,0
10,3,28.1,83.0,2.0,0.0,0
10,3,29.3,78.0,3.0,0.2,0
10,3,30.2,72.0,2.0,0.0,0
10,3,30.7,68.0,1.0,0.0,0
10,3,31.7,64.0,2.0,0.0,0
10,3,30.1,76.0,0.0,0.0,0
10,3,29.5,78.0,2.0,0.0,0
10,3,25.8,94.0,1.0,0.1,0
10,3,24.2,99.0,0.0,0.0,0
10,3,23.1,99.0,1.0,0.0,0
10,3,21.3,99.0,0.0,0.0,0
10,3,20.5,98.0,0.0,0.0,0
10,3,20.3,99.0,0.0,0.1,0
10,3,20.4,99.0,0.0,0.1,0
10,3,20.5,99.0,0.0,0.0,0
10,3,20.6,99.0,0.0,0.1,0
10,3,20.4,98.0,0.0,0.0,0
10,3,21.0,98.0,0.0,0.0,0
10,3,22.1,98.0,0.0,0.0,0
10,3,22.6,97.0,1.0,0.0,0
10,2,23.6,97.0,1.0,0.0,0
10,2,24.1,95.0,1.0,0.0,0
10,2,24.7,94.0,0.0,0.0,0
10,2,26.4,85.0,1.0,0.0,0
10,2,27.0,82.0,1.0,0.0,0
10,2,27.0,84.0,2.0,0.0,0
10,2,28.9,74.0,2.0,0.0,0
10,2,30.0,69.0,2.0,0.0,0
10,2,29.3,73.0,3.0,0.0,0
10,2,29.5,71.0,1.0,0.0,0
10,2,28.4,70.0,1.0,0.0,0
10,2,26.8,78.0,1.0,0.0,0
10,2,26.0,81.0,1.0,0.0,0
10,2,24.8,86.0,2.0,0.0,0
10,2,24.3,88.0,1.0,0.0,0
10,2,23.8,90.0,1.0,0.0,0
10,2,23.8,89.0,0.0,0.0,0
10,2,23.8,91.0,2.0,0.0,0
10,2,24.3,90.0,2.0,0.0,0
10,2,24.6,88.0,2.0,0.0,0
10,2,24.8,91.0,1.0,0.0,0
10,2,24.8,89.0,1.0,0.0,0
10,2,25.2,89.0,0.0,0.0,0
10,1,25.3,88.0,1.0,0.0,0
10,1,25.4,87.0,0.0,0.0,0
10,1,25.0,94.0,0.0,3.0,0
10,1,25.6,92.0,1.0,0.0,0
10,1,25.7,91.0,0.0,0.0,0
10,1,25.8,94.0,1.0,10.0,0
10,1,26.2,91.0,3.0,0.0,0
10,1,26.2,93.0,2.0,0.0,0
10,1,25.9,95.0,3.0,0.6,0
10,1,25.4,97.0,3.0,0.5,0
10,1,24.9,95.0,4.0,0.7,0
10,1,24.3,97.0,2.0,8.0,0
10,1,24.0,96.0,1.0,0.0,0
10,1,23.3,98.0,2.0,0.3,0
10,1,22.7,98.0,2.0,0.8,0
10,1,22.4,98.0,2.0,4.0,0
10,1,22.3,97.0,1.0,2.0,0
10,1,22.3,98.0,1.0,4.0,0
10,1,22.1,95.0,1.0,2.0,0
10,1,22.8,87.0,1.0,0.0,0
10,1,22.8,89.0,1.0,0.1,0
10,1,23.1,83.0,1.0,0.1,0
10,1,24.0,78.0,0.0,0.0,0
10,1,24.1,76.0,3.0,0.0,0
10,7,24.3,77.0,2.0,0.0,0
10,7,24.9,77.0,3.0,0.0,0
10,7,24.7,75.0,2.0,0.0,0
10,7,24.7,70.0,2.0,0.0,0
10,7,25.4,66.0,2.0,0.0,0
10,7,26.1,63.0,4.0,0.0,0
10,7,27.0,60.0,7.0,0.0,0
10,7,28.2,61.0,6.0,0.0,0
10,7,29.2,59.0,6.0,0.0,0
10,7,29.3,58.0,8.0,0.0,0
10,7,28.9,63.0,6.0,0.0,0
10,7,28.4,65.0,7.0,0.0,0
10,7,27.0,64.0,7.0,0.0,0
10,7,26.8,63.0,6.0,0.0,0
10,7,25.4,71.0,4.0,0.0,0
10,7,23.2,79.0,3.0,0.0,0
10,7,22.7,77.0,5.0,0.0,0
10,7,23.4,72.0,6.0,2.0,0
10,7,23.4,88.0,6.0,0.2,0
10,7,25.1,83.0,5.0,0.0,0
10,7,26.0,86.0,6.0,0.0,0
10,7,28.0,85.0,9.0,0.0,0
10,7,31.3,73.0,10.0,0.1,0
10,7,31.4,73.0,11.0,1.0,0
10,6,33.8,64.0,5.0,0.2,0
10,6,34.4,62.0,3.0,0.0,0
10,6,34.5,63.0,3.0,0.0,0
10,6,35.2,62.0,4.0,0.0,0
10,6,35.8,60.0,3.0,0.0,0
10,6,36.8,55.0,4.0,0.0,0
10,6,38.0,52.0,5.0,0.0,0
10,6,38.7,50.0,5.0,0.0,0
10,6,38.7,51.0,5.0,0.0,0
10,6,38.1,53.0,4.0,0.0,0
10,6,38.4,56.0,3.0,0.0,0
10,6,36.8,61.0,5.0,0.0,0
10,6,33.6,71.0,1.0,0.0,0
10,6,33.6,74.0,1.0,0.0,0
10,6,30.1,85.0,0.0,0.0,0
10,6,28.3,89.0,0.0,0.0,0
10,6,27.1,94.0,1.0,0.0,0
10,6,27.2,95.0,1.0,0.0,0
10,6,28.4,87.0,0.0,0.0,0
10,6,28.6,88.0,0.0,0.0,0
10,6,29.2,87.0,0.0,0.0,0
10,6,29.3,86.0,0.0,0.0,0
10,6,30.1,83.0,0.0,0.0,0
10,5,31.1,75.0,1.0,0.0,0
10,5,32.7,67.0,2.0,0.0,0
10,5,32.2,74.0,0.0,0.0,0
10,5,33.2,66.0,0.0,0.0,0
10,5,33.9,62.0,1.0,0.0,0
10,5,34.0,62.0,2.0,0.0,0
10,5,34.5,59.0,3.0,0.0,0
10,5,34.6,58.0,2.0,0.0,0
10,5,34.4,58.0,3.0,0.0,0
10,5,34.1,60.0,3.0,0.0,0
10,5,33.7,61.0,3.0,0.0,0
10,5,32.7,62.0,4.0,0.0,0
10,5,31.9,66.0,2.0,0.0,0
10,5,27.2,85.0,0.0,0.0,0
10,5,26.9,86.0,1.0,0.0,0
10,5,23.8,93.0,0.0,0.0,0
10,5,23.5,96.0,0.0,0.0,0
10,5,23.4,96.0,0.0,0.0,0
10,5,25.1,89.0,0.0,0.0,0
10,5,24.8,92.0,0.0,0.0,0
10,5,25.2,90.0,0.0,0.0,0
10,5,25.4,89.0,2.0,0.0,0
10,5,26.4,83.0,0.0,0.0,0
10,4,27.6,78.0,0.0,0.0,0
10,4,27.6,79.0,1.0,0.0,0
10,4,29.2,70.0,1.0,0.5,0
10,4,28.6,73.0,2.0,0.0,0
10,4,29.7,68.0,2.0,0.0,0
10,4,30.7,63.0,2.0,4.0,0
10,4,31.8,59.0,3.0,0.0,0
10,4,33.1,55.0,4.0,0.0,0
10,4,33.7,54.0,3.0,0.0,0
10,4,33.3,55.0,4.0,0.0,0
10,4,32.4,64.0,4.0,0.0,0
10,4,31.5,72.0,4.0,4.0,0
10,4,30.2,79.0,4.0,0.0,0
10,4,29.4,88.0,2.0,0.5,0
10,4,28.3,94.0,1.0,1.0,0
10,4,27.9,97.0,1.0,2.0,0
10,4,27.5,97.0,1.0,1.0,0
10,4,27.7,96.0,0.0,2.0,0
10,4,27.8,94.0,5.0,1.0,0
10,4,29.3,79.0,2.0,0.0,0
10,4,29.2,79.0,3.0,0.0,0
10,4,28.5,69.0,0.0,0.0,0
10,4,28.2,68.0,0.0,0.0,0
10,4,28.2,67.0,0.0,0.0,0
10,3,27.9,69.0,1.0,0.0,0
10,3,29.8,62.0,1.0,0.0,0
10,3,30.2,58.0,1.0,0.0,0
10,3,30.9,56.0,5.0,0.0,0
10,3,31.6,54.0,4.0,0.0,0
10,3,32.6,55.0,7.0,0.0,0
10,3,34.0,51.0,9.0,0.0,0
10,3,34.7,46.0,6.0,0.0,0
10,3,35.9,39.0,5.0,0.0,0
10,3,35.1,41.0,3.0,0.0,0
10,3,35.9,40.0,5.0,0.0,0
10,3,33.6,45.0,3.0,0.0,0
10,3,32.4,47.0,3.0,0.0,0
10,3,29.0,55.0,2.0,0.0,0
10,3,26.5,65.0,1.0,0.0,0
10,3,23.5,74.0,0.0,0.0,0
10,3,23.2,75.0,0.0,0.0,0
10,3,24.2,70.0,0.0,0.0,0
10,3,24.1,69.0,0.0,0.0,0
10,3,24.8,67.0,0.0,0.0,0
10,3,24.6,66.0,1.0,0.0,0
10,3,25.1,62.0,1.0,0.0,0
10,3,26.2,57.0,2.0,0.0,0
10,2,26.5,56.0,2.0,0.0,0
10,2,27.4,52.0,1.0,0.0,0
10,2,28.6,49.0,2.0,0.0,0
10,2,29.8,45.0,1.0,0.0,0
10,2,30.7,42.0,1.0,0.0,0
10,2,32.8,36.0,3.0,0.0,0
10,2,33.8,34.0,3.0,0.0,0
10,2,35.2,32.0,2.0,0.0,0
10,2,35.6,32.0,3.0,0.0,0
10,2,35.4,34.0,4.0,0.0,0
10,2,35.6,34.0,3.0,0.0,0
10,2,34.4,38.0,2.0,0.0,0
10,2,32.1,49.0,2.0,0.0,0
10,2,30.4,56.0,1.0,0.0,0
10,2,27.1,67.0,2.0,0.0,0
10,2,25.6,73.0,0.0,0.0,0
10,2,24.3,80.0,1.0,0.0,0
10,2,23.7,78.0,0.0,0.0,0
10,2,24.2,75.0,0.0,0.0,0
10,2,24.3,73.0,1.0,0.0,0
10,2,25.6,69.0,0.0,0.0,0
10,2,25.1,68.0,2.0,0.0,0
10,2,25.7,65.0,1.0,0.0,0
10,1,26.4,63.0,2.0,0.0,0
10,1,26.6,62.0,2.0,0.0,0
10,1,27.2,59.0,2.0,0.0,0
10,1,29.7,50.0,2.0,0.0,0
10,1,30.2,49.0,2.0,0.0,0
10,1,31.9,45.0,3.0,0.0,0
10,1,33.6,40.0,3.0,0.0,0
10,1,34.3,38.0,4.0,0.0,0
10,1,34.8,37.0,6.0,0.0,0
10,1,34.6,37.0,4.0,0.0,0
10,1,35.2,36.0,5.0,0.0,0
10,1,33.8,40.0,5.0,0.0,0
10,1,31.4,43.0,2.0,0.0,0
10,1,28.6,50.0,2.0,0.0,0
10,1,25.2,60.0,2.0,0.0,0
10,1,22.8,69.0,0.0,0.0,0
10,1,20.4,78.0,0.0,0.0,0
10,1,19.7,81.0,1.0,0.0,0
10,1,21.7,72.0,0.0,0.0,0
10,1,21.5,73.0,1.0,0.0,0
